,id,organ
0,H9024776,FiU
1,H9024775,SoU
2,H9024771,SoU
3,H9024774,SkU
4,H9024773,SkU
5,H9024772,SkU
6,H9024770,FiU
7,H9024769,FiU
8,H9024768,FiU
9,H9024765,FiU
10,H9024767,FiU
11,H9024764,FiU
12,H9024766,FiU
13,H9024762,FiU
14,H9024763,FiU
15,H9024760,KrU
16,H9024759,KrU
17,H9024761,KrU
18,H9024758,KrU
19,H9024757,SfU
0,H9024756,SfU
1,H9024755,KrU
2,H9024754,SfU
3,H9024753,SkU
4,H9024752,SkU
5,H9024751,MJU
6,H9024746,MJU
7,H9024750,MJU
8,H9024748,MJU
9,H9024745,SoU
10,H9024747,SoU
11,H9024749,SoU
12,H9024742,
13,H9024743,SoU
14,H9024744,NU
15,H9024741,MJU
16,H9024740,UU
17,H9024737,TU
18,H9024739,TU
19,H9024738,TU
0,H9024735,TU
1,H9024736,TU
2,H9024729,
3,H9024733,SoU
4,H9024732,SoU
5,H9024731,SoU
6,H9024730,SoU
7,H9024734,SoU
8,H9024725,FiU
9,H9024728,SkU
10,H9024727,FiU
11,H9024717,SkU
12,H9024718,SkU
13,H9024719,SkU
14,H9024720,FiU
15,H9024723,FiU
16,H9024716,FiU
17,H9024715,SfU
18,H9024709,JuU
19,H9024708,JuU
0,H9024710,JuU
1,H9024711,JuU
2,H9024719,SkU
3,H9024720,FiU
4,H9024718,SkU
5,H9024728,SkU
6,H9024727,FiU
7,H9024715,SfU
8,H9024725,FiU
9,H9024707,FiU
10,H9024703,KU
11,H9024705,SoU
12,H9024704,SfU
13,H9024706,SkU
14,H9024702,KU
15,H9024701,TU
16,H9024697,UU
17,H9024699,UU
18,H9024695,UU
19,H9024698,SfU
0,H9024699,UU
1,H9024695,UU
2,H9024694,CU
3,H9024693,CU
4,H9024690,CU
5,H9024688,CU
6,H9024689,CU
7,H9024691,SfU
8,H9024692,UU
9,H9024687,AU
10,H9024686,UU
11,H9024674,CU
12,H9024670,CU
13,H9024675,MJU
14,H9024669,MJU
15,H9024671,MJU
16,H9024684,MJU
17,H9024678,SkU
18,H9024668,SkU
19,H9024672,SkU
0,H9024673,SkU
1,H9024679,UU
2,H9024685,SfU
3,H9024676,SfU
4,H9024682,FiU
5,H9024677,UU
6,H9024680,SkU
7,H9024683,SkU
8,H9024681,SfU
9,H9024667,SfU
10,H9024653,
11,H9024656,
12,H9024659,CU
13,H9024663,MJU
14,H9024662,MJU
15,H9024665,MJU
16,H9024664,MJU
17,H9024661,MJU
18,H9024657,MJU
19,H9024658,JuU
0,H9024661,MJU
1,H9024657,MJU
2,H9024663,MJU
3,H9024662,MJU
4,H9024650,CU
5,H9024649,SoU
6,H9024651,SoU
7,H9024652,SoU
8,H9024647,MJU
9,H9024648,MJU
10,H9024643,CU
11,H9024644,SfU
12,H9024639,SoU
13,H9024645,SoU
14,H9024646,SoU
15,H9024642,SoU
16,H9024641,SoU
17,H9024640,SoU
18,H9024638,SoU
19,H9024637,SoU
0,H9024636,MJU
1,H9024634,CU
2,H9024635,SoU
3,H9024633,SoU
4,H9024631,SoU
5,H9024632,SoU
6,H9024630,SoU
7,H9024629,SoU
8,H9024625,SkU
9,H9024626,SkU
10,H9024627,CU
11,H9024628,CU
12,H9024588,
13,H9024544,JuU
14,H9024620,JuU
15,H9024537,JuU
16,H9024541,
17,H9024597,
18,H9024553,
19,H9024531,
0,H9024610,KU
1,H9024590,KU
2,H9024565,AU
3,H9024536,AU
4,H9024603,AU
5,H9024576,CU
6,H9024551,JuU
7,H9024621,JuU
8,H9024539,JuU
9,H9024530,CU
10,H9024577,SkU
11,H9024573,TU
12,H9024609,UbU
13,H9024601,UbU
14,H9024589,UbU
15,H9024548,JuU
16,H9024535,UbU
17,H9024564,UU
18,H9024572,MJU
19,H9024529,MJU
0,H9024546,JuU
1,H9024538,JuU
2,H9024533,CU
3,H9024564,UU
4,H9024574,MJU
5,H9024557,UbU
6,H9024529,MJU
7,H9024572,MJU
8,H9024568,MJU
9,H9024575,MJU
10,H9024592,SoU
11,H9024556,SoU
12,H9024609,UbU
13,H9024601,UbU
14,H9024589,UbU
15,H9024548,JuU
16,H9024535,UbU
17,H9024607,UbU
18,H9024613,UbU
19,H9024584,UbU
0,H9024570,UbU
1,H9024561,UbU
2,H9024624,UbU
3,H9024560,UbU
4,H9024585,UbU
5,H9024615,UbU
6,H9024600,UbU
7,H9024569,UbU
8,H9024612,UbU
9,H9024579,UbU
10,H9024554,UbU
11,H9024534,UbU
12,H9024599,UbU
13,H9024616,UbU
14,H9024578,UbU
15,H9024608,UbU
16,H9024532,UbU
17,H9024602,UbU
18,H9024591,UbU
19,H9024567,UbU
0,H9024613,UbU
1,H9024584,UbU
2,H9024570,UbU
3,H9024561,UbU
4,H9024624,UbU
5,H9024607,UbU
6,H9024560,UbU
7,H9024585,UbU
8,H9024615,UbU
9,H9024600,UbU
10,H9024569,UbU
11,H9024616,UbU
12,H9024578,UbU
13,H9024608,UbU
14,H9024532,UbU
15,H9024602,UbU
16,H9024591,UbU
17,H9024567,UbU
18,H9024583,UbU
19,H9024614,UbU
0,H9024581,UbU
1,H9024566,UbU
2,H9024562,UbU
3,H9024558,UbU
4,H9024611,UbU
5,H9024618,JuU
6,H9024540,JuU
7,H9024550,JuU
8,H9024526,
9,H9024525,AU
10,H9024514,CU
11,H9024523,CU
12,H9024518,TU
13,H9024511,MJU
14,H9024509,SoU
15,H9024527,AU
16,H9024528,TU
17,H9024513,UbU
18,H9024521,CU
19,H9024519,CU
0,H9024517,CU
1,H9024520,CU
2,H9024515,CU
3,H9024528,TU
4,H9024513,UbU
5,H9024521,CU
6,H9024519,CU
7,H9024527,AU
8,H9024507,TU
9,H9024508,MJU
10,H9024506,SfU
11,H9024504,TU
12,H9024505,NU
13,H9024482,JuU
14,H9024483,
15,H9024492,AU
16,H9024485,AU
17,H9024497,NU
18,H9024494,NU
19,H9024500,NU
0,H9024482,JuU
1,H9024498,FiU
2,H9024502,FiU
3,H9024491,FiU
4,H9024501,FiU
5,H9024503,FiU
6,H9024496,FiU
7,H9024490,AU
8,H9024493,UbU
9,H9024495,CU
10,H9024486,CU
11,H9024488,SfU
12,H9024487,SfU
13,H9024489,JuU
14,H9024484,JuU
15,H9024470,AU
16,H9024473,NU
17,H9024481,UbU
18,H9024480,UbU
19,H9024478,UbU
0,H9024480,UbU
1,H9024478,UbU
2,H9024476,UbU
3,H9024475,UbU
4,H9024471,UU
5,H9024479,UbU
6,H9024469,JuU
7,H9024474,NU
8,H9024466,NU
9,H9024468,NU
10,H9024467,NU
11,H9024465,UU
12,H9024464,UU
13,H9024458,KU
14,H9024448,SoU
15,H9024460,SoU
16,H9024461,
17,H9024453,JuU
18,H9024447,JuU
19,H9024463,JuU
0,H9024456,JuU
1,H9024451,JuU
2,H9024454,JuU
3,H9024459,UbU
4,H9024450,UbU
5,H9024455,KrU
6,H9024462,JuU
7,H9024457,JuU
8,H9024452,JuU
9,H9024449,JuU
10,H9024446,JuU
11,H9024445,JuU
12,H9024444,JuU
13,H9024442,SfU
14,H9024438,SfU
15,H9024441,SfU
16,H9024440,SfU
17,H9024439,SfU
18,H9024437,SfU
19,H9024443,SfU
0,H9024435,SoU
1,H9024436,SoU
2,H9024433,JuU
3,H9024434,UbU
4,H9024431,NU
5,H9024428,CU
6,H9024429,CU
7,H9024432,UbU
8,H9024430,UbU
9,H9024427,NU
10,H9024426,NU
11,H9024421,SoU
12,H9024415,SoU
13,H9024417,
14,H9024423,JuU
15,H9024411,SoU
16,H9024422,SoU
17,H9024425,SoU
18,H9024420,SoU
19,H9024412,SoU
0,H9024413,JuU
1,H9024424,JuU
2,H9024418,JuU
3,H9024421,SoU
4,H9024415,SoU
5,H9024416,JuU
6,H9024410,SoU
7,H9024409,SoU
8,H9024407,JuU
9,H9024408,JuU
10,H9024403,UbU
11,H9024406,UbU
12,H9024399,SfU
13,H9024402,FiU
14,H9024405,UbU
15,H9024404,SkU
16,H9024401,SkU
17,H9024400,SkU
18,H9024398,FiU
19,H9024397,CU
0,H9024396,CU
1,H9024395,CU
2,H9024394,CU
3,H9024393,SfU
4,H9024392,SfU
5,H9024391,SfU
6,H9024383,SfU
7,H9024390,CU
8,H9024387,CU
9,H9024388,CU
10,H9024386,CU
11,H9024384,CU
12,H9024389,TU
13,H9024385,TU
14,H9024381,SkU
15,H9024377,UbU
16,H9024379,UbU
17,H9024378,UbU
18,H9024376,UbU
19,H9024382,TU
0,H9024380,TU
1,H9024375,TU
2,H9024374,
3,H9024373,FiU
4,H9024372,FiU
5,H9024371,TU
6,H9024369,FöU
7,H9024365,NU
8,H9024368,JuU
9,H9024361,SoU
10,H9024358,SoU
11,H9024363,SoU
12,H9024362,SoU
13,H9024353,SoU
14,H9024355,SoU
15,H9024367,SoU
16,H9024360,SfU
17,H9024359,SfU
18,H9024356,SfU
19,H9024357,FöU
0,H9024370,FöU
1,H9024364,FöU
2,H9024366,FiU
3,H9024354,FiU
4,H9024352,FöU
5,H9024350,SoU
6,H9024349,SoU
7,H9024348,SoU
8,H9024351,SoU
9,H9024343,SkU
10,H9024344,SoU
11,H9024347,SkU
12,H9024346,SkU
13,H9024345,SkU
14,H9024341,SkU
15,H9024342,UbU
16,H9024340,TU
17,H9024333,JuU
18,H9024339,JuU
19,H9024335,MJU
0,H9024334,MJU
1,H9024337,MJU
2,H9024338,MJU
3,H9024336,MJU
4,H9024332,KU
5,H9024331,KU
6,H9024330,KU
7,H9024329,KU
8,H9024326,SfU
9,H9024323,SfU
10,H9024322,SfU
11,H9024327,SfU
12,H9024325,SoU
13,H9024324,SoU
14,H9024321,SoU
15,H9024328,KU
16,H9024311,JuU
17,H9024314,MJU
18,H9024320,MJU
19,H9024315,UbU
0,H9024319,KU
1,H9024313,SoU
2,H9024312,NU
3,H9024317,UbU
4,H9024316,UbU
5,H9024310,UbU
6,H9024318,UbU
7,H9024306,JuU
8,H9024308,JuU
9,H9024303,MJU
10,H9024296,UbU
11,H9024305,KU
12,H9024309,KU
13,H9024302,
14,H9024307,SoU
15,H9024301,SoU
16,H9024304,NU
17,H9024300,NU
18,H9024299,UbU
19,H9024298,UbU
0,H9024297,KU
1,H9024293,SfU
2,H9024294,
3,H9024292,NU
4,H9024295,UbU
5,H9024287,KU
6,H9024289,KU
7,H9024290,KU
8,H9024288,KU
9,H9024291,SkU
10,H9024284,TU
11,H9024286,SkU
12,H9024283,SkU
13,H9024285,UbU
14,H9024277,KU
15,H9024279,UbU
16,H9024282,UbU
17,H9024281,UbU
18,H9024280,UbU
19,H9024278,UbU
0,H9024276,NU
1,H9024274,SfU
2,H9024272,SfU
3,H9024275,UbU
4,H9024270,UbU
5,H9024269,UbU
6,H9024271,UbU
7,H9024273,NU
8,H9024258,SfU
9,H9024264,FiU
10,H9024261,SkU
11,H9024263,UU
12,H9024268,UU
13,H9024267,UU
14,H9024266,UU
15,H9024265,UU
16,H9024262,UU
17,H9024259,UU
18,H9024260,
19,H9024256,UU
0,H9024257,UU
1,H9024255,KU
2,H9024251,KU
3,H9024254,FiU
4,H9024253,FiU
5,H9024252,FiU
6,H9024250,KU
7,H9024249,KU
8,H9024243,KU
9,H9024245,CU
10,H9024247,CU
11,H9024248,CU
12,H9024246,MJU
13,H9024242,MJU
14,H9024239,UbU
15,H9024241,FiU
16,H9024240,FiU
17,H9024244,KU
18,H9024238,KU
19,H9024236,JuU
0,H9024235,JuU
1,H9024234,JuU
2,H9024237,UbU
3,H9024233,JuU
4,H9024226,NU
5,H9024225,NU
6,H9024230,NU
7,H9024227,AU
8,H9024232,JuU
9,H9024223,NU
10,H9024231,FiU
11,H9024224,FiU
12,H9024229,FöU
13,H9024228,AU
14,H9023820,SkU
15,H9023628,KU
16,H9023591,KU
17,H9023492,KU
18,H9024014,FöU
19,H9024015,SfU
0,H9023795,SoU
1,H9023938,FiU
2,H9023862,KrU
3,H9024186,KU
4,H9024053,KU
5,H9024020,KrU
6,H9023703,KrU
7,H9023522,KrU
8,H9023866,UbU
9,H9023829,UbU
10,H9023743,UbU
11,H9024180,UbU
12,H9023727,UbU
13,H9023496,UbU
14,H9024160,UbU
15,H9023609,UbU
16,H9023730,CU
17,H9023678,CU
18,H9023661,CU
19,H9023537,CU
0,H9023629,JuU
1,H9024138,JuU
2,H9024064,JuU
3,H9024054,JuU
4,H9023632,FöU
5,H9023589,SkU
6,H9023486,FöU
7,H9023466,FöU
8,H9024202,SkU
9,H9023465,FöU
10,H9023464,FöU
11,H9023455,FöU
12,H9024198,AU
13,H9023811,CU
14,H9023617,JuU
15,H9023780,JuU
16,H9023596,JuU
17,H9024137,JuU
18,H9023594,JuU
19,H9023446,JuU
0,H9023719,UbU
1,H9024113,UbU
2,H9024028,UbU
3,H9024068,AU
4,H9023876,AU
5,H9023863,AU
6,H9024059,FiU
7,H9023572,AU
8,H9023865,AU
9,H9024169,AU
10,H9024075,MJU
11,H9023541,MJU
12,H9023946,SfU
13,H9024147,SfU
14,H9023900,SfU
15,H9024016,SfU
16,H9023711,FiU
17,H9023614,FiU
18,H9023576,FiU
19,H9023575,FiU
0,H9023762,SoU
1,H9023459,SoU
2,H9023852,SoU
3,H9024087,MJU
4,H9023832,SkU
5,H9024074,JuU
6,H9023583,FiU
7,H9024073,FiU
8,H9023805,SoU
9,H9023813,SoU
10,H9023753,TU
11,H9023704,AU
12,H9023790,FiU
13,H9023820,SkU
14,H9023628,KU
15,H9023591,KU
16,H9023492,KU
17,H9024014,FöU
18,H9024015,SfU
19,H9023795,SoU
0,H9023618,MJU
1,H9023602,SoU
2,H9023600,SoU
3,H9024099,SoU
4,H9023493,SoU
5,H9024089,SoU
6,H9024083,MJU
7,H9023605,TU
8,H9023856,TU
9,H9023603,NU
10,H9023639,FöU
11,H9023622,SoU
12,H9024005,UbU
13,H9023549,SoU
14,H9023567,SkU
15,H9023870,SkU
16,H9023616,NU
17,H9023619,NU
18,H9023545,NU
19,H9023800,NU
0,H9023922,CU
1,H9024112,AU
2,H9024043,AU
3,H9023533,KU
4,H9023844,KU
5,H9023702,KU
6,H9023565,KU
7,H9023933,SfU
8,H9024108,CU
9,H9024139,KU
10,H9024048,KrU
11,H9024008,KrU
12,H9024098,MJU
13,H9023746,MJU
14,H9023930,MJU
15,H9023585,MJU
16,H9023976,UU
17,H9023846,UU
18,H9023615,AU
19,H9023719,UbU
0,H9024113,UbU
1,H9024028,UbU
2,H9024068,AU
3,H9023876,AU
4,H9023863,AU
5,H9024059,FiU
6,H9023572,AU
7,H9023865,AU
8,H9024169,AU
9,H9024075,MJU
10,H9023541,MJU
11,H9023946,SfU
12,H9024147,SfU
13,H9023900,SfU
14,H9024016,SfU
15,H9023711,FiU
16,H9023614,FiU
17,H9023576,FiU
18,H9023575,FiU
19,H9023553,FiU
0,H9024111,CU
1,H9024204,CU
2,H9024026,JuU
3,H9023715,CU
4,H9023676,CU
5,H9023532,CU
6,H9023449,JuU
7,H9023816,CU
8,H9024024,UbU
9,H9023748,UbU
10,H9023740,UbU
11,H9023714,UbU
12,H9023475,UbU
13,H9023528,UbU
14,H9023744,UbU
15,H9024106,UbU
16,H9024025,UbU
17,H9023854,UbU
18,H9023915,MJU
19,H9023618,MJU
0,H9023602,SoU
1,H9023600,SoU
2,H9024099,SoU
3,H9023493,SoU
4,H9024089,SoU
5,H9024083,MJU
6,H9023605,TU
7,H9023856,TU
8,H9023603,NU
9,H9023639,FöU
10,H9023622,SoU
11,H9024005,UbU
12,H9023549,SoU
13,H9023567,SkU
14,H9023870,SkU
15,H9023616,NU
16,H9023619,NU
17,H9023545,NU
18,H9023800,NU
19,H9023561,TU
0,H9023562,TU
1,H9023559,TU
2,H9023592,TU
3,H9023867,TU
4,H9023538,NU
5,H9024049,SoU
6,H9023471,NU
7,H9023855,SoU
8,H9023739,NU
9,H9023707,CU
10,H9023791,KU
11,H9023540,NU
12,H9024155,NU
13,H9023794,NU
14,H9023620,NU
15,H9023531,TU
16,H9023519,TU
17,H9023932,MJU
18,H9023927,TU
19,H9023626,AU
0,H9023574,AU
1,H9024009,KrU
2,H9023548,SkU
3,H9023590,SkU
4,H9023550,SkU
5,H9023580,NU
6,H9023563,TU
7,H9023506,TU
8,H9024208,MJU
9,H9023593,TU
10,H9023448,CU
11,H9024203,JuU
12,H9023668,SoU
13,H9023654,MJU
14,H9023647,SoU
15,H9023853,SoU
16,H9023760,SoU
17,H9023646,SoU
18,H9023498,SoU
19,H9023623,SoU
0,H9023796,CU
1,H9023732,CU
2,H9023723,CU
3,H9023529,CU
4,H9023924,CU
5,H9024072,CU
6,H9023825,SfU
7,H9023535,CU
8,H9023582,UbU
9,H9024079,MJU
10,H9023857,MJU
11,H9023769,MJU
12,H9024100,MJU
13,H9024081,MJU
14,H9023918,MJU
15,H9024060,MJU
16,H9023637,SkU
17,H9023495,JuU
18,H9023474,JuU
19,H9023451,JuU
0,H9024177,NU
1,H9023850,MJU
2,H9023735,CU
3,H9023797,KrU
4,H9023822,SkU
5,H9023821,SkU
6,H9023624,SoU
7,H9024027,KrU
8,H9023536,KrU
9,H9024119,KrU
10,H9024107,KrU
11,H9023487,KrU
12,H9023928,SoU
13,H9023745,KrU
14,H9023515,SkU
15,H9023621,SkU
16,H9023612,SkU
17,H9023566,SkU
18,H9024104,UbU
19,H9023824,UbU
0,H9023840,SfU
1,H9024184,SfU
2,H9023827,SfU
3,H9023720,SfU
4,H9024215,SfU
5,H9023672,SfU
6,H9023868,SfU
7,H9023833,SfU
8,H9024017,SfU
9,H9023828,SfU
10,H9023837,SfU
11,H9023911,SfU
12,H9023838,SfU
13,H9023835,SfU
14,H9023823,SfU
15,H9023526,KrU
16,H9023521,SfU
17,H9023914,KU
18,H9023597,JuU
19,H9023513,KU
0,H9023494,JuU
1,H9024193,JuU
2,H9024156,JuU
3,H9023656,JuU
4,H9023634,JuU
5,H9023613,JuU
6,H9024103,SfU
7,H9023936,SfU
8,H9024094,SfU
9,H9023649,SfU
10,H9023587,SfU
11,H9023542,MJU
12,H9023505,SfU
13,H9023653,MJU
14,H9023658,TU
15,H9023611,TU
16,H9023651,NU
17,H9023926,NU
18,H9023468,NU
19,H9023836,NU
0,H9023732,CU
1,H9023723,CU
2,H9023529,CU
3,H9023924,CU
4,H9024072,CU
5,H9023825,SfU
6,H9023535,CU
7,H9023582,UbU
8,H9024079,MJU
9,H9023857,MJU
10,H9023769,MJU
11,H9024100,MJU
12,H9024081,MJU
13,H9023918,MJU
14,H9024060,MJU
15,H9023637,SkU
16,H9023495,JuU
17,H9023474,JuU
18,H9023451,JuU
19,H9023817,SfU
0,H9024152,UU
1,H9023869,SfU
2,H9023873,JuU
3,H9023627,JuU
4,H9023736,CU
5,H9023722,CU
6,H9023759,SfU
7,H9024085,MJU
8,H9023716,KU
9,H9024118,KrU
10,H9024096,KrU
11,H9023635,SkU
12,H9023840,SfU
13,H9024184,SfU
14,H9023827,SfU
15,H9023720,SfU
16,H9024215,SfU
17,H9023672,SfU
18,H9023868,SfU
19,H9023833,SfU
0,H9024176,UbU
1,H9024047,TU
2,H9024046,TU
3,H9023925,TU
4,H9023758,TU
5,H9023754,TU
6,H9023908,FöU
7,H9023742,TU
8,H9023667,TU
9,H9023663,TU
10,H9023640,FöU
11,H9023555,TU
12,H9023554,TU
13,H9023508,TU
14,H9023500,TU
15,H9023497,TU
16,H9023507,TU
17,H9024219,NU
18,H9024207,TU
19,H9024045,TU
0,H9024044,TU
1,H9023997,CU
2,H9023929,TU
3,H9023919,TU
4,H9023871,TU
5,H9023861,TU
6,H9023798,TU
7,H9023750,TU
8,H9023752,TU
9,H9023923,TU
10,H9023645,TU
11,H9023560,TU
12,H9024188,TU
13,H9024185,TU
14,H9024191,JuU
15,H9023644,KU
16,H9024102,KU
17,H9024093,SoU
18,H9023843,SfU
19,H9023792,KU
0,H9023674,MJU
1,H9023670,MJU
2,H9024097,KrU
3,H9023806,SoU
4,H9023608,TU
5,H9023588,TU
6,H9023546,MJU
7,H9023530,MJU
8,H9023849,MJU
9,H9023768,FiU
10,H9024164,KrU
11,H9023476,SoU
12,H9024166,SfU
13,H9023461,SoU
14,H9024162,KrU
15,H9024077,SoU
16,H9023810,SoU
17,H9024000,CU
18,H9023706,CU
19,H9023478,SoU
0,H9024144,UU
1,H9023875,UU
2,H9023874,UU
3,H9024023,CU
4,H9023961,CU
5,H9023999,UU
6,H9023943,UU
7,H9024122,CU
8,H9023962,KrU
9,H9023885,KrU
10,H9024130,KrU
11,H9023942,JuU
12,H9023904,JuU
13,H9024143,JuU
14,H9024136,NU
15,H9023960,NU
16,H9023901,UU
17,H9024123,NU
18,H9023958,NU
19,H9024146,UU
0,H9023958,NU
1,H9024146,UU
2,H9023944,FöU
3,H9024013,NU
4,H9023921,NU
5,H9023945,UU
6,H9024011,NU
7,H9023902,FöU
8,H9024145,FöU
9,H9023657,JuU
10,H9024021,FöU
11,H9024036,AU
12,H9024135,TU
13,H9024052,TU
14,H9023957,TU
15,H9023956,MJU
16,H9023888,TU
17,H9024150,SfU
18,H9024149,SfU
19,H9024142,SkU
0,H9024134,MJU
1,H9024127,AU
2,H9024035,AU
3,H9024126,UbU
4,H9024116,SkU
5,H9024018,SfU
6,H9023994,UbU
7,H9023860,SkU
8,H9023951,AU
9,H9023950,SfU
10,H9024182,MJU
11,H9023905,SkU
12,H9023949,SfU
13,H9023897,SfU
14,H9023941,SkU
15,H9023896,SfU
16,H9023895,AU
17,H9023889,MJU
18,H9023892,UbU
19,H9023894,AU
0,H9024127,AU
1,H9024035,AU
2,H9024126,UbU
3,H9024116,SkU
4,H9024018,SfU
5,H9023994,UbU
6,H9023860,SkU
7,H9023951,AU
8,H9023950,SfU
9,H9024182,MJU
10,H9023905,SkU
11,H9023949,SfU
12,H9023897,SfU
13,H9023941,SkU
14,H9023896,SfU
15,H9023895,AU
16,H9023889,MJU
17,H9023892,UbU
18,H9023894,AU
19,H9023890,NU
0,H9023573,AU
1,H9023571,AU
2,H9024029,FiU
3,H9023539,NU
4,H9024218,MJU
5,H9024012,NU
6,H9024153,KU
7,H9023491,KU
8,H9023986,AU
9,H9024115,FiU
10,H9024057,JuU
11,H9024201,FiU
12,H9024132,FiU
13,H9024128,SoU
14,H9024125,UbU
15,H9024022,SoU
16,H9024010,FiU
17,H9023953,UbU
18,H9023947,SoU
19,H9023940,FiU
0,H9023893,UbU
1,H9023891,FiU
2,H9024140,FiU
3,H9023939,KU
4,H9023907,KU
5,H9024141,KU
6,H9024056,KU
7,H9023767,
8,H9024003,KrU
9,H9023452,SoU
10,H9023444,SoU
11,H9023910,SfU
12,H9023652,SoU
13,H9023472,SoU
14,H9023499,SoU
15,H9023462,SoU
16,H9023731,SoU
17,H9023527,UU
18,H9023728,UU
19,H9023694,UU
0,H9023439,SoU
1,H9024206,KrU
2,H9024117,KrU
3,H9023655,KrU
4,H9023481,SoU
5,H9023642,FöU
6,H9023954,SkU
7,H9023685,SkU
8,H9024037,UbU
9,H9023968,SkU
10,H9023966,SkU
11,H9023638,SkU
12,H9023662,JuU
13,H9023485,JuU
14,H9023629,JuU
15,H9024138,JuU
16,H9024064,JuU
17,H9024054,JuU
18,H9023632,FöU
19,H9023589,SkU
0,H9024045,TU
1,H9024044,TU
2,H9023997,CU
3,H9023929,TU
4,H9023919,TU
5,H9024090,UbU
6,H9023509,KU
7,H9023980,SoU
8,H9024019,SfU
9,H9023633,UbU
10,H9023699,SoU
11,H9023992,UbU
12,H9023983,SoU
13,H9023979,SoU
14,H9023864,UbU
15,H9023729,UbU
16,H9023641,FöU
17,H9023520,SoU
18,H9024178,UbU
19,H9024168,SoU
0,H9024086,SoU
1,H9023996,UU
2,H9023995,UU
3,H9024211,UU
4,H9024195,NU
5,H9024157,UU
6,H9023586,MJU
7,H9023584,MJU
8,H9023883,UU
9,H9023882,UU
10,H9023772,MJU
11,H9023773,UU
12,H9023757,TU
13,H9023687,NU
14,H9023679,TU
15,H9023557,TU
16,H9023937,TU
17,H9023917,TU
18,H9023879,TU
19,H9023878,TU
0,H9023995,UU
1,H9024211,UU
2,H9024195,NU
3,H9024157,UU
4,H9023586,MJU
5,H9023584,MJU
6,H9023883,UU
7,H9023882,UU
8,H9023772,MJU
9,H9023773,UU
10,H9023757,TU
11,H9023687,NU
12,H9023679,TU
13,H9023557,TU
14,H9023937,TU
15,H9023917,TU
16,H9023879,TU
17,H9023878,TU
18,H9023755,TU
19,H9023610,TU
0,H9023643,FöU
1,H9023701,UU
2,H9023686,FiU
3,H9024090,UbU
4,H9023509,KU
5,H9023980,SoU
6,H9024019,SfU
7,H9023633,UbU
8,H9023699,SoU
9,H9023992,UbU
10,H9023983,SoU
11,H9023979,SoU
12,H9023864,UbU
13,H9023729,UbU
14,H9023641,FöU
15,H9023520,SoU
16,H9024178,UbU
17,H9024168,SoU
18,H9024086,SoU
19,H9023996,UU
0,H9024175,UbU
1,H9024163,UbU
2,H9024161,UbU
3,H9024105,UbU
4,H9023971,UU
5,H9023514,JuU
6,H9024033,SfU
7,H9024006,UbU
8,H9024212,AU
9,H9023993,UbU
10,H9023978,SoU
11,H9023988,UbU
12,H9023973,JuU
13,H9023987,UbU
14,H9023985,JuU
15,H9023831,UbU
16,H9023818,UbU
17,H9023815,SoU
18,H9023775,UU
19,H9023510,SoU
0,H9024032,AU
1,H9024159,SoU
2,H9024210,AU
3,H9024172,SoU
4,H9024171,SoU
5,H9023977,SoU
6,H9023972,SoU
7,H9023920,MJU
8,H9023809,SoU
9,H9023761,SoU
10,H9023683,TU
11,H9023664,MJU
12,H9023801,SoU
13,H9024065,SoU
14,H9024042,SoU
15,H9023581,KrU
16,H9023454,SoU
17,H9024007,KrU
18,H9023479,SoU
19,H9024001,SoU
0,H9023764,SoU
1,H9023734,SoU
2,H9023695,SoU
3,H9024034,JuU
4,H9023604,SfU
5,H9023501,SoU
6,H9023441,SoU
7,H9023458,SoU
8,H9024158,SoU
9,H9024109,KU
10,H9024095,SoU
11,H9023859,SoU
12,H9023787,JuU
13,H9023963,UbU
14,H9023884,SfU
15,H9023841,SoU
16,H9024159,SoU
17,H9024210,AU
18,H9024172,SoU
19,H9024171,SoU
0,H9024019,SfU
1,H9023633,UbU
2,H9023699,SoU
3,H9023992,UbU
4,H9023983,SoU
5,H9023979,SoU
6,H9023864,UbU
7,H9023729,UbU
8,H9023641,FöU
9,H9023520,SoU
10,H9024178,UbU
11,H9024168,SoU
12,H9024086,SoU
13,H9023996,UU
14,H9024151,MJU
15,H9024069,MJU
16,H9023858,MJU
17,H9023689,NU
18,H9024131,NU
19,H9023690,NU
0,H9023665,MJU
1,H9024032,AU
2,H9024159,SoU
3,H9024210,AU
4,H9024172,SoU
5,H9024171,SoU
6,H9023977,SoU
7,H9023972,SoU
8,H9023920,MJU
9,H9023809,SoU
10,H9023761,SoU
11,H9023683,TU
12,H9023664,MJU
13,H9023801,SoU
14,H9024065,SoU
15,H9024042,SoU
16,H9023581,KrU
17,H9023454,SoU
18,H9024007,KrU
19,H9023479,SoU
0,H9024001,SoU
1,H9024213,SfU
2,H9024173,SoU
3,H9024170,SoU
4,H9024167,SoU
5,H9024154,UbU
6,H9023807,SoU
7,H9023804,SoU
8,H9023803,SoU
9,H9023802,SoU
10,H9023766,SoU
11,H9023765,SoU
12,H9023700,SoU
13,H9023698,SoU
14,H9023697,SoU
15,H9023680,TU
16,H9023480,SoU
17,H9023477,SoU
18,H9023443,SoU
19,H9024197,FöU
0,H9023584,MJU
1,H9023883,UU
2,H9023882,UU
3,H9023772,MJU
4,H9023773,UU
5,H9023990,UbU
6,H9023778,JuU
7,H9023684,MJU
8,H9024199,NU
9,H9024110,KrU
10,H9023681,MJU
11,H9023881,MJU
12,H9023708,CU
13,H9024058,MJU
14,H9024030,MJU
15,H9023880,MJU
16,H9023682,MJU
17,H9023511,FiU
18,H9024190,JuU
19,H9024194,JuU
0,H9024192,JuU
1,H9023786,JuU
2,H9023784,JuU
3,H9023779,JuU
4,H9023709,JuU
5,H9023975,JuU
6,H9024031,JuU
7,H9023579,JuU
8,H9023974,JuU
9,H9024189,JuU
10,H9023839,SfU
11,H9023789,KU
12,H9023783,JuU
13,H9023842,SfU
14,H9023693,SfU
15,H9024214,SfU
16,H9023845,UbU
17,H9023516,SfU
18,H9022899,KrU
19,H9022836,KrU
0,H9023369,KrU
1,H9023335,SoU
2,H9023300,SoU
3,H9022682,SoU
4,H9022602,CU
5,H9022849,SoU
6,H9022835,SoU
7,H9022889,UU
8,H9022888,UU
9,H9023354,UU
10,H9023161,UU
11,H9023087,UU
12,H9022967,UU
13,H9022966,UU
14,H9022962,UU
15,H9022859,UU
16,H9022826,KrU
17,H9022808,MJU
18,H9022800,KrU
19,H9022792,SoU
0,H9022721,KrU
1,H9022720,KrU
2,H9022706,KrU
3,H9022628,KrU
4,H9022955,KrU
5,H9023196,KrU
6,H9023152,SoU
7,H9022916,KrU
8,H9022912,UbU
9,H9022926,KrU
10,H9022895,JuU
11,H9022978,SoU
12,H9023139,SkU
13,H9023117,JuU
14,H9023097,JuU
15,H9022998,JuU
16,H9023352,JuU
17,H9022991,JuU
18,H9022858,JuU
19,H9022797,JuU
0,H9023167,KU
1,H9023049,CU
2,H9022902,KU
3,H9022880,CU
4,H9022867,CU
5,H9022811,KU
6,H9022719,KU
7,H9022714,CU
8,H9022622,CU
9,H9022633,CU
10,H9022625,CU
11,H9023349,CU
12,H9022729,MJU
13,H9022674,MJU
14,H9023415,CU
15,H9023318,CU
16,H9023262,CU
17,H9023254,CU
18,H9023119,MJU
19,H9023056,CU
0,H9023351,FöU
1,H9023319,FöU
2,H9023306,FöU
3,H9023409,FöU
4,H9023127,FöU
5,H9023233,FöU
6,H9022856,JuU
7,H9022803,JuU
8,H9022999,JuU
9,H9022752,JuU
10,H9022985,JuU
11,H9023267,JuU
12,H9023132,JuU
13,H9023239,JuU
14,H9022713,JuU
15,H9022635,JuU
16,H9022617,JuU
17,H9022616,JuU
18,H9023216,FöU
19,H9023133,JuU
0,H9023130,JuU
1,H9023121,JuU
2,H9023000,JuU
3,H9023226,AU
4,H9022789,JuU
5,H9022724,MJU
6,H9023038,NU
7,H9023250,JuU
8,H9022903,JuU
9,H9023011,JuU
10,H9023374,KrU
11,H9023258,UbU
12,H9022846,NU
13,H9022845,UbU
14,H9023398,UbU
15,H9023028,UbU
16,H9022941,UbU
17,H9023145,UbU
18,H9022726,FiU
19,H9023098,FiU
0,H9022934,TU
1,H9022886,FiU
2,H9023414,SoU
3,H9022824,MJU
4,H9022703,SoU
5,H9022831,UbU
6,H9022963,SoU
7,H9023330,MJU
8,H9023401,SoU
9,H9023362,SoU
10,H9023229,SoU
11,H9023081,SoU
12,H9023129,JuU
13,H9023297,SoU
14,H9022915,SoU
15,H9022851,SoU
16,H9023142,SoU
17,H9022848,SoU
18,H9022705,SoU
19,H9023231,CU
0,H9023006,KU
1,H9022935,TU
2,H9023379,NU
3,H9023287,KU
4,H9023385,UU
5,H9023316,KU
6,H9022745,KU
7,H9022914,JuU
8,H9023251,FöU
9,H9022739,SfU
10,H9022813,SfU
11,H9022666,SfU
12,H9023175,SfU
13,H9022590,SfU
14,H9022929,SoU
15,H9022871,SoU
16,H9023397,SoU
17,H9022744,SfU
18,H9022979,SfU
19,H9022975,SfU
0,H9023403,SoU
1,H9023332,MJU
2,H9022644,SoU
3,H9023140,SoU
4,H9023158,TU
5,H9023025,TU
6,H9023137,SkU
7,H9023135,SoU
8,H9023416,SoU
9,H9023068,SoU
10,H9022842,TU
11,H9022686,SoU
12,H9023264,TU
13,H9023396,AU
14,H9022643,NU
15,H9023291,KU
16,H9023104,TU
17,H9023071,TU
18,H9022777,TU
19,H9022773,MJU
0,H9022653,UbU
1,H9022651,UbU
2,H9023344,UbU
3,H9023333,UbU
4,H9023234,UbU
5,H9023338,UbU
6,H9023167,KU
7,H9023049,CU
8,H9022902,KU
9,H9022880,CU
10,H9022867,CU
11,H9022811,KU
12,H9022719,KU
13,H9022714,CU
14,H9022622,CU
15,H9022633,CU
16,H9022625,CU
17,H9023349,CU
18,H9022729,MJU
19,H9022674,MJU
0,H9023415,CU
1,H9023318,CU
2,H9023262,CU
3,H9023254,CU
4,H9023119,MJU
5,H9023056,CU
6,H9023052,CU
7,H9022938,MJU
8,H9022673,MJU
9,H9022662,MJU
10,H9022631,MJU
11,H9022812,CU
12,H9022769,MJU
13,H9023353,KrU
14,H9022976,AU
15,H9022924,KU
16,H9022891,AU
17,H9022882,AU
18,H9022881,AU
19,H9023004,KU
0,H9022969,KU
1,H9022933,KU
2,H9022865,KU
3,H9023405,KU
4,H9023402,KU
5,H9022840,KU
6,H9022640,KU
7,H9022833,KU
8,H9023356,KU
9,H9023261,KU
10,H9023260,KU
11,H9023095,KU
12,H9023079,KU
13,H9023123,CU
14,H9022629,KrU
15,H9023327,MJU
16,H9023213,MJU
17,H9022747,MJU
18,H9022710,MJU
19,H9022663,MJU
0,H9023341,UU
1,H9022987,UU
2,H9023160,UbU
3,H9023308,UbU
4,H9023159,UbU
5,H9023156,UbU
6,H9022802,UbU
7,H9022648,UbU
8,H9023099,UbU
9,H9023083,UbU
10,H9023259,AU
11,H9023089,AU
12,H9023412,AU
13,H9023322,AU
14,H9022898,UbU
15,H9022870,UbU
16,H9023315,MJU
17,H9023336,MJU
18,H9023002,UU
19,H9022704,SoU
0,H9023206,SfU
1,H9022700,KU
2,H9023404,CU
3,H9023293,KU
4,H9023286,FiU
5,H9023197,FiU
6,H9023125,FiU
7,H9023007,FiU
8,H9022964,FiU
9,H9022828,AU
10,H9023100,CU
11,H9023375,CU
12,H9022749,CU
13,H9023384,FöU
14,H9023178,CU
15,H9023418,CU
16,H9023419,CU
17,H9023001,JuU
18,H9022992,JuU
19,H9022755,JuU
0,H9023348,SkU
1,H9023311,SkU
2,H9023155,UbU
3,H9022921,UbU
4,H9022650,UbU
5,H9022930,UbU
6,H9022908,UbU
7,H9022696,UbU
8,H9023312,SkU
9,H9022758,KrU
10,H9023307,UU
11,H9022684,SoU
12,H9023111,SoU
13,H9022790,SoU
14,H9023107,SoU
15,H9022875,SoU
16,H9022683,SoU
17,H9023170,SoU
18,H9023149,SoU
19,H9023364,SoU
0,H9022643,NU
1,H9023291,KU
2,H9023104,TU
3,H9023071,TU
4,H9022777,TU
5,H9022773,MJU
6,H9023408,CU
7,H9022732,MJU
8,H9022878,TU
9,H9023236,TU
10,H9022844,TU
11,H9023073,TU
12,H9022821,TU
13,H9023283,TU
14,H9022770,MJU
15,H9022772,MJU
16,H9022685,SoU
17,H9023148,SoU
18,H9023063,CU
19,H9022843,NU
0,H9022626,CU
1,H9023313,SfU
2,H9022957,CU
3,H9022829,CU
4,H9022715,CU
5,H9023173,CU
6,H9023053,CU
7,H9023050,CU
8,H9022869,CU
9,H9022853,CU
10,H9022716,CU
11,H9022611,CU
12,H9022610,CU
13,H9022995,KU
14,H9022652,UbU
15,H9023157,UbU
16,H9023005,KU
17,H9022775,MJU
18,H9022679,MJU
19,H9022677,MJU
0,H9022743,SoU
1,H9022942,SkU
2,H9022850,SkU
3,H9023138,SkU
4,H9023323,NU
5,H9022923,NU
6,H9022897,SkU
7,H9022876,SkU
8,H9022832,TU
9,H9022751,CU
10,H9023413,TU
11,H9023390,TU
12,H9022847,SoU
13,H9022764,MJU
14,H9023328,SoU
15,H9023253,SoU
16,H9023235,SoU
17,H9023176,SoU
18,H9023115,SoU
19,H9023069,SoU
0,H9023044,SoU
1,H9023043,SoU
2,H9023032,NU
3,H9023029,NU
4,H9022861,TU
5,H9022693,TU
6,H9022596,TU
7,H9023113,TU
8,H9022815,NU
9,H9023114,TU
10,H9023343,MJU
11,H9022919,MJU
12,H9022669,MJU
13,H9023102,TU
14,H9023296,SoU
15,H9023365,KrU
16,H9023090,KrU
17,H9022697,KrU
18,H9023371,KrU
19,H9023329,SkU
0,H9022837,SkU
1,H9023411,SkU
2,H9023077,SkU
3,H9022981,FöU
4,H9022965,SkU
5,H9023211,NU
6,H9022819,NU
7,H9023055,NU
8,H9022868,NU
9,H9022823,CU
10,H9022814,CU
11,H9022804,MJU
12,H9022817,SoU
13,H9023284,KrU
14,H9023393,KrU
15,H9022970,KrU
16,H9022785,KrU
17,H9023076,SkU
18,H9023008,SkU
19,H9022825,SkU
0,H9023171,SkU
1,H9023198,TU
2,H9022615,JuU
3,H9023009,SkU
4,H9022857,SkU
5,H9022838,SkU
6,H9023348,SkU
7,H9023311,SkU
8,H9023155,UbU
9,H9022921,UbU
10,H9022650,UbU
11,H9022930,UbU
12,H9022908,UbU
13,H9022696,UbU
14,H9023312,SkU
15,H9022758,KrU
16,H9023307,UU
17,H9022684,SoU
18,H9023111,SoU
19,H9022790,SoU
0,H9023107,SoU
1,H9022875,SoU
2,H9022683,SoU
3,H9023170,SoU
4,H9023149,SoU
5,H9023364,SoU
6,H9023228,UU
7,H9023310,SkU
8,H9023163,SoU
9,H9023299,JuU
10,H9023003,JuU
11,H9022809,JuU
12,H9022779,MJU
13,H9023256,SkU
14,H9023241,SkU
15,H9023240,SkU
16,H9023128,SkU
17,H9023086,SkU
18,H9022974,JuU
19,H9023317,SkU
0,H9023285,TU
1,H9022950,TU
2,H9022750,CU
3,H9022649,MJU
4,H9023172,TU
5,H9023088,NU
6,H9022712,NU
7,H9022689,NU
8,H9022783,NU
9,H9023395,NU
10,H9023209,NU
11,H9022780,MJU
12,H9022723,MJU
13,H9022672,MJU
14,H9022664,MJU
15,H9022668,MJU
16,H9023166,MJU
17,H9022660,MJU
18,H9022939,MJU
19,H9022816,MJU
0,H9022652,UbU
1,H9023157,UbU
2,H9023005,KU
3,H9022775,MJU
4,H9022679,MJU
5,H9022677,MJU
6,H9022676,MJU
7,H9022639,MJU
8,H9022637,MJU
9,H9023116,MJU
10,H9022873,MJU
11,H9022763,MJU
12,H9022730,MJU
13,H9023094,MJU
14,H9023013,MJU
15,H9022678,MJU
16,H9023366,KrU
17,H9023350,NU
18,H9023026,SkU
19,H9022894,SkU
0,H9022807,JuU
1,H9022711,NU
2,H9022690,SkU
3,H9023426,JuU
4,H9023407,SoU
5,H9023164,JuU
6,H9023150,SoU
7,H9022986,JuU
8,H9022931,JuU
9,H9022900,JuU
10,H9022896,JuU
11,H9022753,JuU
12,H9022782,UU
13,H9022793,UU
14,H9022784,UU
15,H9023281,UU
16,H9022989,UU
17,H9022927,SfU
18,H9023144,SoU
19,H9023131,JuU
0,H9023067,JuU
1,H9023045,JuU
2,H9022984,SfU
3,H9023282,SfU
4,H9023410,SfU
5,H9022904,JuU
6,H9022834,CU
7,H9022594,SfU
8,H9023046,SfU
9,H9023357,SfU
10,H9023237,SfU
11,H9023066,SfU
12,H9022645,CU
13,H9023122,CU
14,H9022646,CU
15,H9023033,MJU
16,H9023030,MJU
17,H9022658,MJU
18,H9022948,MJU
19,H9023021,MJU
0,H9023391,MJU
1,H9022774,MJU
2,H9023047,MJU
3,H9022839,SkU
4,H9022887,JuU
5,H9022741,SfU
6,H9023103,NU
7,H9022742,SfU
8,H9023342,SfU
9,H9022735,SfU
10,H9022737,SfU
11,H9022736,SfU
12,H9022698,SfU
13,H9022798,SfU
14,H9022620,SfU
15,H9022740,SfU
16,H9022738,SfU
17,H9023383,SfU
18,H9023325,AU
19,H9023080,SfU
0,H9022928,SfU
1,H9022734,SfU
2,H9022613,SfU
3,H9023301,SoU
4,H9022595,SfU
5,H9023288,KU
6,H9022956,JuU
7,H9022718,KU
8,H9022862,JuU
9,H9022860,JuU
10,H9022599,JuU
11,H9023075,SfU
12,H9022893,SfU
13,H9023382,SfU
14,H9022786,JuU
15,H9022731,MJU
16,H9023326,SfU
17,H9023182,SfU
18,H9023177,SfU
19,H9023285,TU
0,H9023435,MJU
1,H9023225,CU
2,H9022866,CU
3,H9022621,CU
4,H9023331,
5,H9023061,
6,H9022624,
7,H9022630,
8,H9023392,
9,H9022655,
10,H9022641,TU
11,H9023193,SoU
12,H9022943,MJU
13,H9022638,MJU
14,H9022796,UU
15,H9023186,UU
16,H9023084,UU
17,H9023271,CU
18,H9023215,NU
19,H9023360,JuU
0,H9023190,NU
1,H9023188,UU
2,H9022791,FöU
3,H9023194,NU
4,H9022781,FöU
5,H9023189,TU
6,H9023276,MJU
7,H9022632,SkU
8,H9023252,SkU
9,H9023212,SfU
10,H9023208,AU
11,H9023192,SfU
12,H9023274,SkU
13,H9022778,MJU
14,H9023334,AU
15,H9023298,MJU
16,H9023270,AU
17,H9022754,AU
18,H9023210,SfU
19,H9023183,AU
0,H9022949,FiU
1,H9023124,FiU
2,H9023303,FiU
3,H9022597,SkU
4,H9023305,FiU
5,H9022600,CU
6,H9022973,SoU
7,H9023153,SoU
8,H9023340,SoU
9,H9023302,CU
10,H9023219,SoU
11,H9023147,SoU
12,H9023141,SoU
13,H9022909,CU
14,H9022854,CU
15,H9023096,JuU
16,H9022936,JuU
17,H9023430,MJU
18,H9023136,JuU
19,H9023093,MJU
0,H9023215,NU
1,H9023360,JuU
2,H9023190,NU
3,H9023188,UU
4,H9022791,FöU
5,H9023194,NU
6,H9022781,FöU
7,H9023189,TU
8,H9023276,MJU
9,H9022632,SkU
10,H9023252,SkU
11,H9023212,SfU
12,H9023208,AU
13,H9023192,SfU
14,H9023274,SkU
15,H9022778,MJU
16,H9023334,AU
17,H9023298,MJU
18,H9023270,AU
19,H9022754,AU
0,H9022796,UU
1,H9023186,UU
2,H9023084,UU
3,H9023271,CU
4,H9023215,NU
5,H9023360,JuU
6,H9023190,NU
7,H9023188,UU
8,H9022791,FöU
9,H9023194,NU
10,H9022781,FöU
11,H9023189,TU
12,H9023276,MJU
13,H9022632,SkU
14,H9023252,SkU
15,H9023212,SfU
16,H9023208,AU
17,H9023192,SfU
18,H9023274,SkU
19,H9022778,MJU
0,H9022994,JuU
1,H9022983,JuU
2,H9022695,FöU
3,H9022961,FöU
4,H9022945,FöU
5,H9022917,FöU
6,H9022890,FöU
7,H9022885,SkU
8,H9022855,FöU
9,H9023126,FöU
10,H9023064,FöU
11,H9022680,FöU
12,H9022603,CU
13,H9023370,FöU
14,H9023351,FöU
15,H9023319,FöU
16,H9023306,FöU
17,H9023409,FöU
18,H9023127,FöU
19,H9023233,FöU
0,H9023224,UbU
1,H9023058,KU
2,H9022990,KU
3,H9022980,JuU
4,H9023292,KU
5,H9023289,KU
6,H9023386,KU
7,H9023339,UU
8,H9023232,NU
9,H9023425,TU
10,H9023266,TU
11,H9022959,TU
12,H9023421,TU
13,H9023378,TU
14,H9023294,TU
15,H9023041,TU
16,H9023040,TU
17,H9023027,TU
18,H9023018,TU
19,H9022951,TU
0,H9023042,TU
1,H9023214,TU
2,H9023191,TU
3,H9023106,TU
4,H9023249,TU
5,H9023072,TU
6,H9023051,TU
7,H9023242,NU
8,H9023036,TU
9,H9023037,TU
10,H9023035,TU
11,H9023034,TU
12,H9023031,TU
13,H9023024,TU
14,H9023023,TU
15,H9023016,TU
16,H9022958,TU
17,H9022952,TU
18,H9022946,TU
19,H9022884,TU
0,H9022863,TU
1,H9023057,TU
2,H9022993,TU
3,H9022618,TU
4,H9022614,TU
5,H9022968,TU
6,H9022932,TU
7,H9023380,NU
8,H9023355,KU
9,H9023368,KU
10,H9023227,TU
11,H9023277,MJU
12,H9023201,MJU
13,H9023020,MJU
14,H9022760,MJU
15,H9022725,MJU
16,H9022670,MJU
17,H9023279,MJU
18,H9023438,MJU
19,H9022996,JuU
0,H9023012,UU
1,H9023010,UU
2,H9022988,UU
3,H9022787,UU
4,H9023361,SoU
5,H9023101,UbU
6,H9023222,UbU
7,H9023245,FöU
8,H9022591,SoU
9,H9023091,TU
10,H9022925,UbU
11,H9023389,KU
12,H9023207,UbU
13,H9022913,UbU
14,H9022922,KrU
15,H9022806,UbU
16,H9022612,AU
17,H9022592,KrU
18,H9023387,JuU
19,H9023345,UbU
0,H9023020,MJU
1,H9022760,MJU
2,H9022725,MJU
3,H9022670,MJU
4,H9023279,MJU
5,H9022977,MJU
6,H9022940,MJU
7,H9022767,MJU
8,H9023199,NU
9,H9023118,MJU
10,H9022776,MJU
11,H9023255,MJU
12,H9023204,MJU
13,H9022727,NU
14,H9022671,MJU
15,H9022636,MJU
16,H9023432,MJU
17,H9023218,JuU
18,H9023424,SoU
19,H9023217,KU
0,H9023346,MJU
1,H9023263,MJU
2,H9023248,TU
3,H9023143,SoU
4,H9022694,SoU
5,H9022657,MJU
6,H9023217,KU
7,H9023082,KU
8,H9023400,KU
9,H9023388,KU
10,H9022827,KU
11,H9023423,SoU
12,H9023399,SoU
13,H9023363,SoU
14,H9023337,SoU
15,H9022918,SoU
16,H9022810,SoU
17,H9022756,SoU
18,H9022688,SoU
19,H9023146,SoU
0,H9023223,AU
1,H9023221,CU
2,H9023169,UbU
3,H9022609,UbU
4,H9023361,SoU
5,H9023101,UbU
6,H9023222,UbU
7,H9023245,FöU
8,H9022591,SoU
9,H9023091,TU
10,H9022925,UbU
11,H9023389,KU
12,H9023207,UbU
13,H9022913,UbU
14,H9022771,MJU
15,H9022761,MJU
16,H9022654,MJU
17,H9023202,SfU
18,H9023431,MJU
19,H9023437,MJU
0,H9023380,NU
1,H9023355,KU
2,H9023368,KU
3,H9023227,TU
4,H9023070,UbU
5,H9023428,NU
6,H9023247,UU
7,H9023438,MJU
8,H9022996,JuU
9,H9023436,MJU
10,H9023277,MJU
11,H9023201,MJU
12,H9023020,MJU
13,H9022760,MJU
14,H9022725,MJU
15,H9022670,MJU
16,H9023279,MJU
17,H9023435,MJU
18,H9023225,CU
19,H9022866,CU
0,H9023429,MJU
1,H9023367,KrU
2,H9022910,SoU
3,H9022907,SoU
4,H9022905,SoU
5,H9023422,SoU
6,H9023295,SoU
7,H9022883,JuU
8,H9022702,SoU
9,H9022619,SoU
10,H9023065,SfU
11,H9023022,MJU
12,H9022997,JuU
13,H9022911,SoU
14,H9023151,SoU
15,H9022647,CU
16,H9023257,SfU
17,H9023048,SfU
18,H9022717,SfU
19,H9023377,SfU
0,H9023280,JuU
1,H9022605,UbU
2,H9022604,KU
3,H9022606,UbU
4,H9022608,CU
5,H9022588,UU
6,H9022601,KU
7,H9022607,UbU
8,H9022589,UU
9,H9021986,FöU
10,H9021990,SoU
11,H9022580,UU
12,H9022260,FiU
13,H9022243,FiU
14,H9021987,FiU
15,H9021993,SoU
16,H9022245,SoU
17,H9021999,SoU
18,H9021997,TU
19,H9022259,SoU
0,H9022238,KU
1,H9021986,FöU
2,H9021990,SoU
3,H9022580,UU
4,H9022260,FiU
5,H9022243,FiU
6,H9021987,FiU
7,H9021993,SoU
8,H9022245,SoU
9,H9021999,SoU
10,H9021997,TU
11,H9022259,SoU
12,H9021998,NU
13,H9021994,TU
14,H9021989,SoU
15,H9021995,SoU
16,H9021983,SkU
17,H9021984,SkU
18,H9022256,SoU
19,H9021992,SoU
0,H9022249,SoU
1,H9021968,JuU
2,H9021976,SkU
3,H9022242,SkU
4,H9022244,UbU
5,H9021985,UbU
6,H9022250,JuU
7,H9022460,MJU
8,H9022040,
9,H9021843,
10,H9021970,
11,H9021793,
12,H9022120,
13,H9021937,
14,H9021911,
15,H9022557,
16,H9022130,
17,H9022582,
18,H9021966,SkU
19,H9022574,UU
0,H9022240,SoU
1,H9022238,KU
2,H9021805,FiU
3,H9021810,FiU
4,H9021815,CU
5,H9021823,MJU
6,H9021830,KU
7,H9021907,FiU
8,H9021909,JuU
9,H9021912,MJU
10,H9022578,UU
11,H9022575,UU
12,H9022572,UU
13,H9022570,UU
14,H9022568,UU
15,H9022241,SoU
16,H9022579,FöU
17,H9022255,SoU
18,H9021991,SoU
19,H9022577,UU
0,H9022253,SoU
1,H9021996,SoU
2,H9022031,NU
3,H9022030,FiU
4,H9021958,KU
5,H9021957,KU
6,H9021956,MJU
7,H9021961,FöU
8,H9021962,SkU
9,H9021960,TU
10,H9021959,NU
11,H9021963,SfU
12,H9021951,MJU
13,H9021955,MJU
14,H9021954,MJU
15,H9021953,MJU
16,H9021952,MJU
17,H9021950,CU
18,H9021964,SkU
19,H9022247,UbU
0,H9022439,MJU
1,H9022438,FiU
2,H9022168,TU
3,H9022148,UU
4,H9022149,SoU
5,H9022152,SkU
6,H9022344,SoU
7,H9022173,TU
8,H9022172,UbU
9,H9022343,KU
10,H9022170,SoU
11,H9022171,SoU
12,H9022174,FiU
13,H9022169,SoU
14,H9022363,KU
15,H9022234,MJU
16,H9022364,KrU
17,H9022362,TU
18,H9022233,MJU
19,H9022082,NU
0,H9021846,SkU
1,H9021847,UbU
2,H9021842,FöU
3,H9021845,SkU
4,H9021844,SkU
5,H9021949,SoU
6,H9021899,MJU
7,H9021948,TU
8,H9021946,TU
9,H9021947,TU
10,H9021939,TU
11,H9021938,FiU
12,H9021940,FiU
13,H9021941,CU
14,H9021945,TU
15,H9021943,CU
16,H9021944,TU
17,H9021942,MJU
18,H9021896,MJU
19,H9021897,MJU
0,H9021895,MJU
1,H9021894,MJU
2,H9021893,CU
3,H9021898,MJU
4,H9021811,AU
5,H9021794,UbU
6,H9021798,NU
7,H9021813,UU
8,H9021814,JuU
9,H9021818,NU
10,H9021834,JuU
11,H9021833,SoU
12,H9021832,MJU
13,H9021835,TU
14,H9021831,TU
15,H9021840,AU
16,H9021839,FöU
17,H9021838,AU
18,H9021837,FöU
19,H9021836,TU
0,H9022118,TU
1,H9022126,TU
2,H9022133,SoU
3,H9022123,UbU
4,H9022134,MJU
5,H9022124,SkU
6,H9022128,SkU
7,H9022125,UbU
8,H9022127,SkU
9,H9022434,NU
10,H9022433,NU
11,H9022436,SkU
12,H9022138,MJU
13,H9022137,KU
14,H9022437,JuU
15,H9022140,MJU
16,H9022139,SkU
17,H9022136,MJU
18,H9022147,FiU
19,H9022144,TU
0,H9022146,KU
1,H9022145,SoU
2,H9022141,UbU
3,H9022142,UbU
4,H9022143,TU
5,H9022342,FiU
6,H9022168,TU
7,H9022344,SoU
8,H9022173,TU
9,H9022172,UbU
10,H9022343,KU
11,H9022170,SoU
12,H9022171,SoU
13,H9022174,FiU
14,H9022169,SoU
15,H9022158,SfU
16,H9022156,UbU
17,H9022151,KU
18,H9022150,NU
19,H9022341,MJU
0,H9021899,MJU
1,H9021946,TU
2,H9021947,TU
3,H9021841,KrU
4,H9021846,SkU
5,H9021847,UbU
6,H9021842,FöU
7,H9021845,SkU
8,H9021844,SkU
9,H9021939,TU
10,H9021938,FiU
11,H9021940,FiU
12,H9021941,CU
13,H9021945,TU
14,H9021943,CU
15,H9021944,TU
16,H9021942,MJU
17,H9021916,SkU
18,H9021917,MJU
19,H9021914,KU
0,H9021915,KU
1,H9021918,MJU
2,H9021848,JuU
3,H9021849,SkU
4,H9021850,FiU
5,H9021913,TU
6,H9021910,MJU
7,H9021920,SfU
8,H9021924,CU
9,H9021923,CU
10,H9021922,CU
11,H9021854,SkU
12,H9021853,SkU
13,H9021926,SfU
14,H9021925,NU
15,H9021855,FiU
16,H9021856,CU
17,H9021919,MJU
18,H9021852,SkU
19,H9021851,FiU
0,H9021871,KU
1,H9022032,SoU
2,H9021870,KU
3,H9022227,TU
4,H9022226,MJU
5,H9022225,MJU
6,H9022210,TU
7,H9022211,TU
8,H9022214,JuU
9,H9022213,SfU
10,H9022212,TU
11,H9022216,JuU
12,H9022215,JuU
13,H9022220,SoU
14,H9022019,CU
15,H9022017,MJU
16,H9022016,KU
17,H9022014,KU
18,H9022015,TU
19,H9022021,JuU
0,H9022440,NU
1,H9022426,FiU
2,H9022446,TU
3,H9022101,CU
4,H9022447,UbU
5,H9022102,MJU
6,H9022445,NU
7,H9022103,TU
8,H9022444,SoU
9,H9022443,JuU
10,H9022104,MJU
11,H9022106,CU
12,H9022448,KrU
13,H9022105,AU
14,H9022229,CU
15,H9022228,TU
16,H9022410,MJU
17,H9022232,SkU
18,H9022369,TU
19,H9022431,NU
0,H9022354,AU
1,H9022356,MJU
2,H9022355,KU
3,H9022358,UbU
4,H9022346,KU
5,H9022342,FiU
6,H9022151,KU
7,H9022150,NU
8,H9022177,KU
9,H9022175,JuU
10,H9022176,JuU
11,H9022345,TU
12,H9022158,SfU
13,H9022156,UbU
14,H9022341,MJU
15,H9022161,AU
16,H9022160,UbU
17,H9022157,TU
18,H9022154,SoU
19,H9022153,UU
0,H9022039,SoU
1,H9022078,CU
2,H9022076,SkU
3,H9022219,MJU
4,H9022077,KU
5,H9022084,SoU
6,H9022085,NU
7,H9022088,SfU
8,H9022087,SkU
9,H9022086,SkU
10,H9022151,KU
11,H9022150,NU
12,H9022147,FiU
13,H9022152,SkU
14,H9022148,UU
15,H9022149,SoU
16,H9022007,SoU
17,H9022006,AU
18,H9022009,SfU
19,H9022008,SkU
0,H9022010,UbU
1,H9022005,SoU
2,H9021929,KrU
3,H9021928,NU
4,H9021859,FöU
5,H9022004,SoU
6,H9021926,SfU
7,H9021925,NU
8,H9021855,FiU
9,H9021856,CU
10,H9021931,JuU
11,H9021932,JuU
12,H9021930,FiU
13,H9022002,SoU
14,H9022003,SoU
15,H9022001,SoU
16,H9021927,FiU
17,H9021858,FöU
18,H9021857,SoU
19,H9021936,SkU
0,H9022474,KrU
1,H9022481,JuU
2,H9022286,UU
3,H9022287,FöU
4,H9022533,FiU
5,H9022296,TU
6,H9022297,TU
7,H9022301,MJU
8,H9022299,MJU
9,H9022298,MJU
10,H9022300,MJU
11,H9022295,TU
12,H9021821,TU
13,H9021824,MJU
14,H9021822,FöU
15,H9021896,MJU
16,H9021897,MJU
17,H9021898,MJU
18,H9022429,NU
19,H9022449,NU
0,H9022435,NU
1,H9022421,UbU
2,H9022425,FiU
3,H9022450,NU
4,H9022469,KrU
5,H9022479,MJU
6,H9022482,MJU
7,H9022478,KrU
8,H9022480,MJU
9,H9022470,KrU
10,H9022517,UbU
11,H9022510,SkU
12,H9022515,SkU
13,H9022513,KU
14,H9022518,TU
15,H9022511,MJU
16,H9022512,MJU
17,H9022514,JuU
18,H9022516,CU
19,H9022527,JuU
0,H9022453,MJU
1,H9022132,SkU
2,H9022131,SoU
3,H9022111,KU
4,H9022114,KU
5,H9022116,KU
6,H9022115,NU
7,H9022112,TU
8,H9022113,TU
9,H9022094,MJU
10,H9022423,TU
11,H9022421,UbU
12,H9022095,SoU
13,H9022429,NU
14,H9022449,NU
15,H9022435,NU
16,H9022099,FiU
17,H9022442,SkU
18,H9022444,SoU
19,H9022443,JuU
0,H9022100,FiU
1,H9022441,SkU
2,H9022440,NU
3,H9022108,SkU
4,H9022107,NU
5,H9022109,TU
6,H9022105,AU
7,H9022448,KrU
8,H9022426,FiU
9,H9022446,TU
10,H9022101,CU
11,H9022447,UbU
12,H9022102,MJU
13,H9022445,NU
14,H9022103,TU
15,H9022104,MJU
16,H9022047,JuU
17,H9022046,MJU
18,H9022450,NU
19,H9022048,UbU
0,H9021802,SoU
1,H9021801,UbU
2,H9021800,UbU
3,H9021799,TU
4,H9021826,FöU
5,H9021825,MJU
6,H9021875,KU
7,H9021876,KU
8,H9021874,KU
9,H9021873,KU
10,H9021828,UU
11,H9021827,SkU
12,H9021829,KU
13,H9022007,SoU
14,H9022006,AU
15,H9022009,SfU
16,H9022008,SkU
17,H9022010,UbU
18,H9021892,MJU
19,H9021891,KU
0,H9022180,SkU
1,H9021890,MJU
2,H9021889,TU
3,H9021929,KrU
4,H9021928,NU
5,H9021859,FöU
6,H9021931,JuU
7,H9021932,JuU
8,H9021930,FiU
9,H9021936,SkU
10,H9021934,SkU
11,H9021935,SkU
12,H9021933,SkU
13,H9021797,NU
14,H9021794,UbU
15,H9021798,NU
16,H9021796,TU
17,H9021795,AU
18,H9021939,TU
19,H9021938,FiU
0,H9021940,FiU
1,H9021941,CU
2,H9021945,TU
3,H9021943,CU
4,H9021944,TU
5,H9021942,MJU
6,H9021916,SkU
7,H9021917,MJU
8,H9021914,KU
9,H9021915,KU
10,H9021918,MJU
11,H9021848,JuU
12,H9021849,SkU
13,H9021850,FiU
14,H9021852,SkU
15,H9021851,FiU
16,H9021920,SfU
17,H9021924,CU
18,H9021923,CU
19,H9021922,CU
0,H9022043,SoU
1,H9022042,CU
2,H9022050,JuU
3,H9022053,KU
4,H9022451,NU
5,H9022431,NU
6,H9022057,SoU
7,H9022056,SoU
8,H9022060,JuU
9,H9022059,JuU
10,H9022061,JuU
11,H9022062,JuU
12,H9022064,FiU
13,H9022439,MJU
14,H9022438,FiU
15,H9022342,FiU
16,H9022168,TU
17,H9022343,KU
18,H9022170,SoU
19,H9022171,SoU
0,H9022167,TU
1,H9022165,SkU
2,H9022166,SoU
3,H9022169,SoU
4,H9022178,MJU
5,H9022179,MJU
6,H9022175,JuU
7,H9022176,JuU
8,H9022177,KU
9,H9022346,KU
10,H9022348,UU
11,H9022349,KU
12,H9022350,NU
13,H9022351,FöU
14,H9022352,MJU
15,H9022353,KrU
16,H9022158,SfU
17,H9022156,UbU
18,H9022341,MJU
19,H9022161,AU
0,H9021810,FiU
1,H9021805,FiU
2,H9021815,CU
3,H9021823,MJU
4,H9021830,KU
5,H9021907,FiU
6,H9021909,JuU
7,H9022468,KrU
8,H9022366,MJU
9,H9022365,SoU
10,H9022528,JuU
11,H9022524,UbU
12,H9022383,SfU
13,H9022271,TU
14,H9022384,SfU
15,H9022270,FiU
16,H9022269,MJU
17,H9022274,SoU
18,H9022273,TU
19,H9022272,JuU
0,H9022145,SoU
1,H9022141,UbU
2,H9022142,UbU
3,H9022143,TU
4,H9022344,SoU
5,H9022173,TU
6,H9022172,UbU
7,H9022345,TU
8,H9022174,FiU
9,H9022371,UU
10,H9022471,UbU
11,H9022368,SoU
12,H9022372,SkU
13,H9022373,SoU
14,H9022370,NU
15,H9022374,UU
16,H9022367,SoU
17,H9022472,KrU
18,H9022378,TU
19,H9022380,SfU
0,H9022379,SfU
1,H9022473,SkU
2,H9022375,JuU
3,H9022377,TU
4,H9022376,NU
5,H9022517,UbU
6,H9022515,SkU
7,H9022513,KU
8,H9022518,TU
9,H9022511,MJU
10,H9022512,MJU
11,H9022514,JuU
12,H9022516,CU
13,H9022510,SkU
14,H9022470,KrU
15,H9022480,MJU
16,H9022469,KrU
17,H9022479,MJU
18,H9022482,MJU
19,H9022478,KrU
0,H9022497,KrU
1,H9022305,UU
2,H9022320,SoU
3,H9022319,CU
4,H9022322,SoU
5,H9022321,JuU
6,H9022312,KU
7,H9022311,TU
8,H9022310,TU
9,H9022309,TU
10,H9022308,MJU
11,H9022316,MJU
12,H9022315,UbU
13,H9022314,SkU
14,H9022318,NU
15,H9022317,MJU
16,H9022313,MJU
17,H9022325,FiU
18,H9022324,SkU
19,H9022323,SkU
0,H9022072,SkU
1,H9022483,TU
2,H9022551,SfU
3,H9022525,UbU
4,H9022385,SfU
5,H9022277,SfU
6,H9022278,UU
7,H9022276,TU
8,H9022272,JuU
9,H9022283,CU
10,H9022281,UU
11,H9022282,KU
12,H9022275,UbU
13,H9022280,KU
14,H9022279,FöU
15,H9022285,SoU
16,H9022284,TU
17,H9022264,UU
18,H9022528,JuU
19,H9022524,UbU
0,H9022299,MJU
1,H9022298,MJU
2,H9022300,MJU
3,H9022295,TU
4,H9022533,FiU
5,H9022301,MJU
6,H9022534,CU
7,H9022496,KrU
8,H9022312,KU
9,H9022311,TU
10,H9022310,TU
11,H9022309,TU
12,H9022308,MJU
13,H9022313,MJU
14,H9022385,SfU
15,H9022531,FöU
16,H9022277,SfU
17,H9022278,UU
18,H9022276,TU
19,H9022274,SoU
0,H9022469,KrU
1,H9022475,KrU
2,H9022476,KrU
3,H9022474,KrU
4,H9022482,MJU
5,H9022477,KU
6,H9022478,KrU
7,H9022479,MJU
8,H9022294,UbU
9,H9022293,JuU
10,H9022290,SkU
11,H9022289,SoU
12,H9022292,UbU
13,H9022291,UbU
14,H9022532,FiU
15,H9022288,SkU
16,H9022550,SfU
17,H9022566,AU
18,H9022565,AU
19,H9022567,UU
0,H9022558,CU
1,H9022552,SfU
2,H9022559,CU
3,H9022560,SoU
4,H9022382,SfU
5,H9022328,NU
6,H9022537,CU
7,H9022499,KrU
8,H9022539,SkU
9,H9022326,SoU
10,H9022327,UbU
11,H9022538,CU
12,H9022329,TU
13,H9022196,UbU
14,H9022197,JuU
15,H9022200,MJU
16,H9022199,JuU
17,H9022194,JuU
18,H9022193,SkU
19,H9022192,NU
0,H9022326,SoU
1,H9022327,UbU
2,H9022538,CU
3,H9022329,TU
4,H9022402,MJU
5,H9022401,NU
6,H9022583,UU
7,H9021967,FiU
8,H9022584,UU
9,H9022585,UU
10,H9022554,UU
11,H9022337,KU
12,H9022338,TU
13,H9022336,SkU
14,H9022334,JuU
15,H9022335,SoU
16,H9022333,JuU
17,H9022332,JuU
18,H9022331,MJU
19,H9022391,NU
0,H9022501,KrU
1,H9022484,JuU
2,H9022489,TU
3,H9022488,TU
4,H9022487,UbU
5,H9022203,TU
6,H9022545,UbU
7,H9022208,SkU
8,H9022206,JuU
9,H9022207,NU
10,H9022205,NU
11,H9022402,MJU
12,H9022401,NU
13,H9022546,UbU
14,H9022406,CU
15,H9022405,FiU
16,H9022404,JuU
17,H9022403,MJU
18,H9022209,TU
19,H9022543,UbU
0,H9022581,UU
1,H9022509,JuU
2,H9022409,CU
3,H9022408,TU
4,H9022209,TU
5,H9022549,SfU
6,H9022586,UU
7,H9022563,AU
8,H9021978,SkU
9,H9021977,SkU
10,H9022420,JuU
11,H9022419,SkU
12,H9022548,SfU
13,H9022562,SoU
14,H9022547,SfU
15,H9021969,UU
16,H9021971,SkU
17,H9021972,SkU
18,H9022407,UbU
19,H9022583,UU
0,H9022527,JuU
1,H9022526,JuU
2,H9022519,SkU
3,H9022520,MJU
4,H9022514,JuU
5,H9022516,CU
6,H9022508,JuU
7,H9022494,SkU
8,H9022493,SkU
9,H9022390,NU
10,H9022492,SoU
11,H9022491,SoU
12,H9022490,TU
13,H9021973,SkU
14,H9022411,KU
15,H9022547,SfU
16,H9021974,SkU
17,H9022412,JuU
18,H9021969,UU
19,H9021971,SkU
0,H9021972,SkU
1,H9022399,SoU
2,H9022555,UU
3,H9022393,NU
4,H9022392,NU
5,H9022398,SoU
6,H9022397,SoU
7,H9022395,UbU
8,H9022394,UbU
9,H9022396,TU
10,H9022500,KrU
11,H9022540,CU
12,H9022564,AU
13,H9022337,KU
14,H9022338,TU
15,H9022336,SkU
16,H9022334,JuU
17,H9022335,SoU
18,H9022333,JuU
19,H9022332,JuU
0,H9022331,MJU
1,H9022391,NU
2,H9022339,CU
3,H9022340,MJU
4,H9022554,UU
5,H9022561,JuU
6,H9022541,UbU
7,H9022556,JuU
8,H9022188,SkU
9,H9022189,TU
10,H9022187,MJU
11,H9022190,TU
12,H9022417,SkU
13,H9022416,NU
14,H9022418,SkU
15,H9022415,SkU
16,H9022413,CU
17,H9022506,CU
18,H9022587,CU
19,H9022503,KrU
0,H9022495,KrU
1,H9022382,SfU
2,H9022484,JuU
3,H9022489,TU
4,H9021421,SoU
5,H9021666,
6,H9021268,
7,H9021590,
8,H9021158,KrU
9,H9021162,JuU
10,H9021160,AU
11,H9021159,MJU
12,H9021161,TU
13,H9021166,KU
14,H9021302,UbU
15,H9021555,NU
16,H9021235,UbU
17,H9021234,MJU
18,H9021243,KrU
19,H9021241,UbU
0,H9021269,SkU
1,H9021284,TU
2,H9021287,TU
3,H9021286,JuU
4,H9021272,UbU
5,H9021273,JuU
6,H9021301,SfU
7,H9021270,SoU
8,H9021260,SfU
9,H9021249,TU
10,H9021262,SfU
11,H9021250,TU
12,H9021280,SfU
13,H9021288,SfU
14,H9021289,MJU
15,H9021291,TU
16,H9021265,UbU
17,H9021247,UbU
18,H9021281,KrU
19,H9021271,KrU
0,H9021283,AU
1,H9021282,CU
2,H9021290,UbU
3,H9021276,KU
4,H9021275,NU
5,H9021274,SfU
6,H9021338,SfU
7,H9021278,KrU
8,H9021277,SkU
9,H9021279,TU
10,H9021295,TU
11,H9021293,SoU
12,H9021294,TU
13,H9021292,SoU
14,H9021296,AU
15,H9021297,SoU
16,H9021334,TU
17,H9021299,TU
18,H9021298,NU
19,H9021300,CU
0,H9021233,TU
1,H9021235,UbU
2,H9021234,MJU
3,H9021239,SfU
4,H9021236,TU
5,H9021240,SoU
6,H9021237,UbU
7,H9021238,NU
8,H9021242,AU
9,H9021244,AU
10,H9021243,KrU
11,H9021241,UbU
12,H9021352,FöU
13,H9021180,NU
14,H9021183,SkU
15,H9021185,JuU
16,H9021184,TU
17,H9021222,UbU
18,H9021221,SfU
19,H9021186,JuU
0,H9021276,KU
1,H9021275,NU
2,H9021274,SfU
3,H9021273,JuU
4,H9021281,KrU
5,H9021271,KrU
6,H9021283,AU
7,H9021282,CU
8,H9021285,FiU
9,H9021284,TU
10,H9021287,TU
11,H9021280,SfU
12,H9021286,JuU
13,H9021288,SfU
14,H9021289,MJU
15,H9021291,TU
16,H9021290,UbU
17,H9021272,UbU
18,H9021301,SfU
19,H9021277,SkU
0,H9021346,CU
1,H9021344,UbU
2,H9021341,MJU
3,H9021350,FöU
4,H9021349,NU
5,H9021348,MJU
6,H9021454,KU
7,H9021456,CU
8,H9021458,FöU
9,H9021457,FöU
10,H9021461,JuU
11,H9021460,KU
12,H9021462,JuU
13,H9021459,FöU
14,H9021541,SfU
15,H9021543,UU
16,H9021542,UU
17,H9021545,FöU
18,H9021540,SoU
19,H9021544,TU
0,H9021207,FöU
1,H9021182,JuU
2,H9021210,TU
3,H9021209,NU
4,H9021181,TU
5,H9021228,SoU
6,H9021232,JuU
7,H9021231,KU
8,H9021230,MJU
9,H9021229,NU
10,H9021258,SoU
11,H9021251,TU
12,H9021253,UbU
13,H9021252,MJU
14,H9021261,UbU
15,H9021259,UbU
16,H9021257,SoU
17,H9021256,SoU
18,H9021255,SfU
19,H9021254,SoU
0,H9021286,JuU
1,H9021288,SfU
2,H9021289,MJU
3,H9021291,TU
4,H9021281,KrU
5,H9021271,KrU
6,H9021290,UbU
7,H9021272,UbU
8,H9021301,SfU
9,H9021276,KU
10,H9021275,NU
11,H9021274,SfU
12,H9021273,JuU
13,H9021278,KrU
14,H9021277,SkU
15,H9021279,TU
16,H9021265,UbU
17,H9021247,UbU
18,H9021264,UbU
19,H9021246,KrU
0,H9021266,TU
1,H9021267,SoU
2,H9021248,KU
3,H9021269,SkU
4,H9021260,SfU
5,H9021249,TU
6,H9021250,TU
7,H9021334,TU
8,H9021299,TU
9,H9021298,NU
10,H9021306,UbU
11,H9021305,UbU
12,H9021304,KrU
13,H9021307,TU
14,H9021303,UbU
15,H9021296,AU
16,H9021345,AU
17,H9021189,UU
18,H9021191,TU
19,H9021190,TU
0,H9021333,KrU
1,H9021311,TU
2,H9021315,UbU
3,H9021455,TU
4,H9021321,SoU
5,H9021316,AU
6,H9021200,SoU
7,H9021317,KrU
8,H9021314,UU
9,H9021454,KU
10,H9021456,CU
11,H9021452,SfU
12,H9021453,KU
13,H9021458,FöU
14,H9021457,FöU
15,H9021327,NU
16,H9021324,SoU
17,H9021323,MJU
18,H9021320,SoU
19,H9021319,TU
0,H9021508,JuU
1,H9021501,JuU
2,H9021549,UbU
3,H9021546,SoU
4,H9021506,SkU
5,H9021548,SfU
6,H9021509,CU
7,H9021511,JuU
8,H9021510,AU
9,H9021547,SoU
10,H9021233,TU
11,H9021232,JuU
12,H9021231,KU
13,H9021230,MJU
14,H9021229,NU
15,H9021226,AU
16,H9021202,UU
17,H9021167,TU
18,H9021203,CU
19,H9021210,TU
0,H9021669,JuU
1,H9021658,FiU
2,H9021665,UbU
3,H9021668,FöU
4,H9021663,SfU
5,H9021664,KrU
6,H9021692,SoU
7,H9021738,JuU
8,H9021743,NU
9,H9021740,MJU
10,H9021739,MJU
11,H9021745,NU
12,H9021744,SfU
13,H9021742,MJU
14,H9021741,NU
15,H9021736,KrU
16,H9021737,SkU
17,H9021728,TU
18,H9021727,SoU
19,H9021735,MJU
0,H9021734,NU
1,H9021731,MJU
2,H9021732,TU
3,H9021730,KU
4,H9021733,CU
5,H9021726,CU
6,H9021746,UU
7,H9021612,NU
8,H9021611,SfU
9,H9021608,NU
10,H9021609,NU
11,H9021613,MJU
12,H9021604,TU
13,H9021606,MJU
14,H9021607,MJU
15,H9021605,SkU
16,H9021610,TU
17,H9021652,SfU
18,H9021653,KU
19,H9021651,MJU
0,H9021469,UbU
1,H9021572,SoU
2,H9021571,KrU
3,H9021567,MJU
4,H9021566,UbU
5,H9021570,UU
6,H9021569,NU
7,H9021568,TU
8,H9021361,UU
9,H9021562,KrU
10,H9021353,SkU
11,H9021351,UU
12,H9021354,SkU
13,H9021355,KU
14,H9021360,KU
15,H9021359,KU
16,H9021358,JuU
17,H9021357,JuU
18,H9021356,SkU
19,H9021539,UbU
0,H9021603,TU
1,H9021602,TU
2,H9021604,TU
3,H9021601,NU
4,H9021605,SkU
5,H9021612,NU
6,H9021611,SfU
7,H9021608,NU
8,H9021609,NU
9,H9021606,MJU
10,H9021613,MJU
11,H9021607,MJU
12,H9021491,CU
13,H9021365,SkU
14,H9021497,JuU
15,H9021500,JuU
16,H9021496,TU
17,H9021717,UbU
18,H9021716,CU
19,H9021715,KrU
0,H9021691,SoU
1,H9021387,CU
2,H9021709,KU
3,H9021708,UU
4,H9021712,SkU
5,H9021711,MJU
6,H9021710,CU
7,H9021713,KrU
8,H9021756,CU
9,H9021752,TU
10,H9021754,TU
11,H9021750,SoU
12,H9021751,SoU
13,H9021760,UbU
14,H9021761,MJU
15,H9021762,TU
16,H9021757,KU
17,H9021763,NU
18,H9021758,AU
19,H9021759,AU
0,H9021505,CU
1,H9021504,SfU
2,H9021503,JuU
3,H9021502,AU
4,H9021506,SkU
5,H9021501,JuU
6,H9021548,SfU
7,H9021549,UbU
8,H9021546,SoU
9,H9021547,SoU
10,H9021509,CU
11,H9021511,JuU
12,H9021510,AU
13,H9021557,TU
14,H9021556,NU
15,H9021560,SoU
16,H9021561,SoU
17,H9021554,TU
18,H9021559,AU
19,H9021558,TU
0,H9021730,KU
1,H9021735,MJU
2,H9021734,NU
3,H9021731,MJU
4,H9021732,TU
5,H9021733,CU
6,H9021487,SfU
7,H9021488,JuU
8,H9021493,FöU
9,H9021495,SkU
10,H9021494,JuU
11,H9021492,KrU
12,H9021498,JuU
13,H9021489,FiU
14,H9021490,UbU
15,H9021499,JuU
16,H9021672,SkU
17,H9021674,SkU
18,H9021677,SkU
19,H9021676,NU
0,H9021419,JuU
1,H9021418,NU
2,H9021573,SfU
3,H9021579,MJU
4,H9021578,KU
5,H9021575,UbU
6,H9021574,SoU
7,H9021580,SoU
8,H9021577,UbU
9,H9021401,SoU
10,H9021581,JuU
11,H9021576,TU
12,H9021582,JuU
13,H9021431,TU
14,H9021429,MJU
15,H9021428,TU
16,H9021430,AU
17,H9021427,TU
18,H9021433,SfU
19,H9021432,JuU
0,H9021652,SfU
1,H9021653,KU
2,H9021651,MJU
3,H9021654,TU
4,H9021655,NU
5,H9021661,JuU
6,H9021660,UbU
7,H9021662,TU
8,H9021659,SfU
9,H9021657,TU
10,H9021698,JuU
11,H9021695,KrU
12,H9021696,UU
13,H9021697,AU
14,H9021709,KU
15,H9021708,UU
16,H9021712,SkU
17,H9021711,MJU
18,H9021710,CU
19,H9021707,UU
0,H9021713,KrU
1,H9021624,SkU
2,H9021623,SfU
3,H9021667,UU
4,H9021670,MJU
5,H9021669,JuU
6,H9021658,FiU
7,H9021665,UbU
8,H9021668,FöU
9,H9021663,SfU
10,H9021664,KrU
11,H9021671,MJU
12,H9021363,UU
13,H9021362,UU
14,H9021718,UbU
15,H9021621,MJU
16,H9021620,FiU
17,H9021622,NU
18,H9021619,CU
19,H9021617,UbU
0,H9021618,KrU
1,H9021621,MJU
2,H9021620,FiU
3,H9021622,NU
4,H9021603,TU
5,H9021602,TU
6,H9021604,TU
7,H9021601,NU
8,H9021640,TU
9,H9021679,SkU
10,H9021674,SkU
11,H9021677,SkU
12,H9021676,NU
13,H9021675,TU
14,H9021673,SfU
15,H9021678,SkU
16,H9021158,KrU
17,H9021160,AU
18,H9021159,MJU
19,H9021162,JuU
0,H9021161,TU
1,H9021166,KU
2,H9021635,TU
3,H9021637,NU
4,H9021638,SkU
5,H9021636,SfU
6,H9021639,SfU
7,H9021630,TU
8,H9021631,TU
9,H9021632,FiU
10,H9021633,SkU
11,H9021634,TU
12,H9021709,KU
13,H9021708,UU
14,H9021712,SkU
15,H9021711,MJU
16,H9021710,CU
17,H9021713,KrU
18,H9021700,CU
19,H9021363,UU
0,H9021747,TU
1,H9021750,SoU
2,H9021753,CU
3,H9021749,TU
4,H9021755,SfU
5,H9021745,NU
6,H9021744,SfU
7,H9021740,MJU
8,H9021739,MJU
9,H9021736,KrU
10,H9021737,SkU
11,H9021738,JuU
12,H9021760,UbU
13,H9021761,MJU
14,H9021762,TU
15,H9021757,KU
16,H9021764,AU
17,H9021763,NU
18,H9021758,AU
19,H9021759,AU
0,H9021742,MJU
1,H9021741,NU
2,H9021746,UU
3,H9021743,NU
4,H9021394,FöU
5,H9021393,JuU
6,H9021399,AU
7,H9021398,JuU
8,H9021397,CU
9,H9021396,NU
10,H9021389,TU
11,H9021388,NU
12,H9021392,JuU
13,H9021395,NU
14,H9021771,KrU
15,H9021354,SkU
16,H9021355,KU
17,H9021360,KU
18,H9021359,KU
19,H9021358,JuU
0,H9021356,SkU
1,H9021361,UU
2,H9021426,TU
3,H9021425,MJU
4,H9021424,MJU
5,H9021423,NU
6,H9021422,SfU
7,H9021403,TU
8,H9021402,TU
9,H9021412,UbU
10,H9021410,KU
11,H9021420,SfU
12,H9021416,UbU
13,H9021419,JuU
14,H9021415,AU
15,H9021413,UbU
16,H9021418,NU
17,H9021417,TU
18,H9021485,SoU
19,H9021484,TU
0,H9021370,SkU
1,H9021369,SkU
2,H9021368,SkU
3,H9021381,SoU
4,H9021380,JuU
5,H9021385,TU
6,H9021384,JuU
7,H9021386,SkU
8,H9021383,JuU
9,H9021382,SoU
10,H9021379,JuU
11,H9021726,CU
12,H9021728,TU
13,H9021727,SoU
14,H9021735,MJU
15,H9021734,NU
16,H9021731,MJU
17,H9021732,TU
18,H9021785,MJU
19,H9021784,TU
0,H9021463,KrU
1,H9021467,UbU
2,H9021468,AU
3,H9021469,UbU
4,H9021431,TU
5,H9021433,SfU
6,H9021432,JuU
7,H9021573,SfU
8,H9021570,UU
9,H9021569,NU
10,H9021579,MJU
11,H9021578,KU
12,H9021568,TU
13,H9021575,UbU
14,H9021574,SoU
15,H9021577,UbU
16,H9021567,MJU
17,H9021566,UbU
18,H9021581,JuU
19,H9021580,SoU
0,H9021576,TU
1,H9021582,JuU
2,H9021572,SoU
3,H9021571,KrU
4,H9021408,MJU
5,H9021477,TU
6,H9021480,CU
7,H9021479,MJU
8,H9021478,KU
9,H9021440,TU
10,H9021436,SfU
11,H9021438,AU
12,H9021439,FiU
13,H9021444,JuU
14,H9021443,TU
15,H9021448,JuU
16,H9021447,SoU
17,H9021446,JuU
18,H9021449,CU
19,H9021442,TU
0,H9021481,JuU
1,H9021478,KU
2,H9021440,TU
3,H9021436,SfU
4,H9021438,AU
5,H9021439,FiU
6,H9021437,SfU
7,H9021450,KU
8,H9021445,JuU
9,H9021441,TU
10,H9021466,AU
11,H9021465,FöU
12,H9021464,FiU
13,H9021463,KrU
14,H9021467,UbU
15,H9021418,NU
16,H9021411,TU
17,H9021417,TU
18,H9021414,TU
19,H9021412,UbU
0,H9021420,SfU
1,H9021416,UbU
2,H9021419,JuU
3,H9021415,AU
4,H9021413,UbU
5,H9021477,TU
6,H9021480,CU
7,H9021479,MJU
8,H9021476,JuU
9,H9021475,NU
10,H9021474,JuU
11,H9021588,MJU
12,H9021586,CU
13,H9021587,SoU
14,H9021593,CU
15,H9021589,CU
16,H9021729,FiU
17,H9021451,SfU
18,H9021598,CU
19,H9021599,CU
0,H9021595,UbU
1,H9021592,UbU
2,H9021591,CU
3,H9021785,MJU
4,H9021784,TU
5,H9021787,SfU
6,H9021786,MJU
7,H9021789,UU
8,H9021788,UU
9,H9021781,MJU
10,H9021783,CU
11,H9021782,NU
12,H9021790,KrU
13,H9021791,UU
14,H9021792,UU
15,H9021645,NU
16,H9021585,SfU
17,H9021583,CU
18,H9021584,JuU
19,H9021071,
0,H9021154,FöU
1,H9021152,JuU
2,H9021064,JuU
3,H9021009,JuU
4,H9021039,JuU
5,H9021066,SoU
6,H9021062,SoU
7,H9021153,FiU
8,H9021008,SoU
9,H902922,FöU
10,H9021011,FöU
11,H9021037,JuU
12,H9021155,SoU
13,H9021157,SoU
14,H9021065,SoU
15,H9021040,SoU
16,H9021010,SoU
17,H902924,MJU
18,H9021151,MJU
19,H902923,JuU
0,H902923,JuU
1,H9021156,JuU
2,H9021038,JuU
3,H9021007,JuU
4,H9021150,JuU
5,H902983,FöU
6,H9021149,UbU
7,H902973,UU
8,H902972,MJU
9,H902974,SoU
10,H902975,UbU
11,H902920,TU
12,H9021067,KU
13,H9021063,JuU
14,H9021060,KU
15,H9021070,SkU
16,H9021061,FöU
17,H9021069,SkU
18,H9021068,SkU
19,H9021074,SkU
0,H9021075,SkU
1,H9021073,SkU
2,H9021072,SkU
3,H9021093,JuU
4,H9021092,SkU
5,H9021091,SkU
6,H902941,SfU
7,H902943,JuU
8,H902942,TU
9,H902936,TU
10,H902944,MJU
11,H902940,JuU
12,H902939,SoU
13,H902938,TU
14,H902937,JuU
15,H902946,SkU
16,H902945,NU
17,H902950,TU
18,H902949,JuU
19,H902948,SoU
0,H902948,SoU
1,H902947,SkU
2,H902931,CU
3,H902956,SoU
4,H902955,SkU
5,H902954,CU
6,H902957,SoU
7,H902953,NU
8,H902952,TU
9,H902961,SoU
10,H902960,UbU
11,H902958,NU
12,H902959,KU
13,H902951,JuU
14,H902988,UbU
15,H902986,KU
16,H902980,SoU
17,H902984,SfU
18,H902915,KU
19,H902928,CU
0,H902953,NU
1,H902952,TU
2,H902951,JuU
3,H902963,FiU
4,H902916,JuU
5,H902919,AU
6,H902917,UbU
7,H902962,SkU
8,H902961,SoU
9,H902960,UbU
10,H902958,NU
11,H902959,KU
12,H902982,FiU
13,H902981,AU
14,H902978,CU
15,H902979,KU
16,H902977,SoU
17,H902980,SoU
18,H902976,SoU
19,H902984,SfU
0,H9021002,KrU
1,H9021000,KU
2,H902985,MJU
3,H902997,JuU
4,H9021005,SfU
5,H9021004,KrU
6,H9021003,SoU
7,H9021006,JuU
8,H902982,FiU
9,H902981,AU
10,H9021023,TU
11,H9021022,NU
12,H9021024,TU
13,H9021025,TU
14,H9021027,MJU
15,H9021026,MJU
16,H9021029,UU
17,H9021028,SoU
18,H9021032,KrU
19,H9021031,KrU
0,H9021093,JuU
1,H9021092,SkU
2,H9021091,SkU
3,H9021075,SkU
4,H9021070,SkU
5,H9021074,SkU
6,H9021073,SkU
7,H9021072,SkU
8,H9021061,FöU
9,H9021068,SkU
10,H9021108,UbU
11,H9021109,SfU
12,H9021110,NU
13,H9021107,NU
14,H9021114,UbU
15,H9021111,NU
16,H9021113,UbU
17,H9021112,UbU
18,H9021128,KU
19,H9021119,SkU
0,H9021042,UbU
1,H9021041,UbU
2,H9021035,TU
3,H9021036,UU
4,H9021044,TU
5,H9021019,UU
6,H9021021,KU
7,H9021020,KU
8,H9021018,UbU
9,H9021017,CU
10,H9021105,TU
11,H9021114,UbU
12,H9021111,NU
13,H9021113,UbU
14,H9021112,UbU
15,H9021108,UbU
16,H9021104,JuU
17,H9021102,CU
18,H9021106,UbU
19,H9021103,SkU
0,H9021109,SfU
1,H9021110,NU
2,H9021107,NU
3,H9021117,UbU
4,H9021118,TU
5,H9021121,JuU
6,H9021115,TU
7,H9021120,TU
8,H9021116,TU
9,H9021119,SkU
10,H9021123,MJU
11,H9021137,MJU
12,H9021148,KrU
13,H9021141,TU
14,H9021140,TU
15,H9021138,CU
16,H9021139,CU
17,H9021144,SkU
18,H9021145,AU
19,H9021142,UbU
0,H9021146,KU
1,H9021143,JuU
2,H9021147,TU
3,H9021077,SkU
4,H9021076,SkU
5,H9021079,SkU
6,H9021078,FöU
7,H9021088,SkU
8,H9021084,SkU
9,H9021083,SkU
10,H9021082,SkU
11,H9021080,KU
12,H9021085,SkU
13,H9021086,SkU
14,H9021087,SkU
15,H9021095,SkU
16,H9021099,SkU
17,H9021098,SkU
18,H9021097,SkU
19,H9021096,SkU
0,H9021089,SkU
1,H9021090,SkU
2,H9021094,SkU
3,H902965,SoU
4,H902966,MJU
5,H902964,SoU
6,H902967,MJU
7,H902921,UU
8,H902970,SoU
9,H902969,SfU
10,H902968,AU
11,H902971,SkU
12,H9021100,CU
13,H9021101,JuU
14,H9021130,MJU
15,H9021129,JuU
16,H9021132,MJU
17,H9021131,CU
18,H9021126,KrU
19,H9021125,NU
0,H9021072,SkU
1,H9021069,SkU
2,H9021075,SkU
3,H902920,TU
4,H902974,SoU
5,H902975,UbU
6,H902973,UU
7,H902972,MJU
8,H9021051,SkU
9,H9021053,JuU
10,H9021054,CU
11,H9021055,TU
12,H9021052,TU
13,H9021050,JuU
14,H9021048,MJU
15,H9021049,TU
16,H9021047,SfU
17,H9021056,SoU
18,H9021057,JuU
19,H9021059,SoU
0,H9021058,SoU
1,H902991,KU
2,H902694,KrU
3,H902718,SoU
4,H902681,KrU
5,H902756,JuU
6,H902690,SkU
7,H902774,JuU
8,H902686,JuU
9,H902682,JuU
10,H902687,JuU
11,H902684,JuU
12,H902685,JuU
13,H902683,JuU
14,H902764,UbU
15,H902725,SoU
16,H902693,KU
17,H902714,CU
18,H902719,CU
19,H902728,JuU
0,H902721,KrU
1,H902731,KU
2,H902732,JuU
3,H902763,MJU
4,H902767,KU
5,H902768,SkU
6,H902770,FiU
7,H902709,KrU
8,H902773,MJU
9,H902771,SfU
10,H902680,KU
11,H902705,MJU
12,H902704,UbU
13,H902766,SkU
14,H902758,TU
15,H902702,TU
16,H902700,MJU
17,H902691,TU
18,H902759,NU
19,H902701,NU
0,H902710,CU
1,H902717,CU
2,H902726,CU
3,H902720,CU
4,H902708,UbU
5,H902712,UbU
6,H902699,CU
7,H902725,SoU
8,H902697,KU
9,H902706,JuU
10,H902780,NU
11,H902723,NU
12,H902715,MJU
13,H902689,UbU
14,H902707,MJU
15,H902724,SoU
16,H902779,TU
17,H902776,TU
18,H902784,TU
19,H902711,TU
0,H902699,CU
1,H902697,KU
2,H902706,JuU
3,H902780,NU
4,H902723,NU
5,H902715,MJU
6,H902816,
7,H902724,SoU
8,H902689,UbU
9,H902707,MJU
10,H902727,KU
11,H902688,KU
12,H902784,TU
13,H902711,TU
14,H902779,TU
15,H902776,TU
16,H902769,UbU
17,H902815,UU
18,H902783,SkU
19,H902782,SoU
0,H902789,CU
1,H902788,UbU
2,H902787,FöU
3,H902785,SkU
4,H902786,TU
5,H902781,JuU
6,H902794,TU
7,H902796,MJU
8,H902795,AU
9,H902791,MJU
10,H902792,SoU
11,H902790,TU
12,H902797,MJU
13,H902799,JuU
14,H902798,KU
15,H902805,SkU
16,H902802,CU
17,H902804,CU
18,H902801,SkU
19,H902803,TU
0,H902756,JuU
1,H902690,SkU
2,H902774,JuU
3,H902686,JuU
4,H902682,JuU
5,H902687,JuU
6,H902684,JuU
7,H902685,JuU
8,H902683,JuU
9,H902764,UbU
10,H902659,JuU
11,H902656,SoU
12,H902657,UbU
13,H902658,SfU
14,H902651,UbU
15,H902650,UU
16,H902653,SoU
17,H902647,SoU
18,H902646,SfU
19,H902652,MJU
0,H902649,SoU
1,H902654,CU
2,H902660,UbU
3,H902648,KU
4,H902655,SoU
5,H902661,SkU
6,H902663,KrU
7,H902666,SoU
8,H902667,MJU
9,H902662,SfU
10,H902665,UbU
11,H902664,TU
12,H902668,KU
13,H902678,KU
14,H902677,MJU
15,H902676,TU
16,H902679,TU
17,H902675,NU
18,H902669,KU
19,H902672,JuU
0,H902850,MJU
1,H902857,JuU
2,H902856,SfU
3,H902859,MJU
4,H902852,MJU
5,H902853,MJU
6,H902851,KU
7,H902858,MJU
8,H902876,NU
9,H902877,SfU
10,H902875,FöU
11,H902880,KU
12,H902879,KU
13,H902878,NU
14,H902881,CU
15,H902889,KrU
16,H902882,CU
17,H902888,KrU
18,H902884,JuU
19,H902887,UbU
0,H902886,KrU
1,H902883,CU
2,H902885,KrU
3,H902866,UbU
4,H902865,UbU
5,H902864,UbU
6,H902863,KU
7,H902860,KU
8,H902862,NU
9,H902861,SkU
10,H902872,TU
11,H902867,UbU
12,H902868,UbU
13,H902870,TU
14,H902873,SoU
15,H902874,SoU
16,H902869,TU
17,H902871,TU
18,H902896,NU
19,H902911,MJU
0,H902912,KU
1,H902899,TU
2,H902895,MJU
3,H902906,SoU
4,H902901,TU
5,H902913,SfU
6,H902914,SfU
7,H902902,TU
8,H902910,AU
9,H902909,MJU
10,H902903,TU
11,H902864,UbU
12,H902863,KU
13,H902860,KU
14,H902872,TU
15,H902866,UbU
16,H902871,TU
17,H902867,UbU
18,H902868,UbU
19,H902870,TU
0,H902841,TU
1,H902813,KrU
2,H902810,TU
3,H902811,SoU
4,H902840,NU
5,H902903,TU
6,H902902,TU
7,H902901,TU
8,H902913,SfU
9,H902898,FiU
10,H902897,SoU
11,H902905,CU
12,H902904,KU
13,H902900,TU
14,H902912,KU
15,H902899,TU
16,H902908,JuU
17,H902907,UU
18,H902914,SfU
19,H902910,AU
0,H902906,SoU
1,H902909,MJU
2,H902734,SoU
3,H902854,MJU
4,H902800,SfU
5,H902761,TU
6,H902729,TU
7,H902698,TU
8,H902692,TU
9,H902793,KU
10,H902762,MJU
11,H902778,MJU
12,H902849,TU
13,H902847,CU
14,H902848,CU
15,H902846,MJU
16,H902663,KrU
17,H902659,JuU
18,H902677,MJU
19,H902676,TU
0,H902648,KU
1,H902649,SoU
2,H902651,UbU
3,H902650,UU
4,H902653,SoU
5,H902654,CU
6,H902652,MJU
7,H902661,SkU
8,H902660,UbU
9,H902666,SoU
10,H902667,MJU
11,H902659,JuU
12,H902656,SoU
13,H902657,UbU
14,H902658,SfU
15,H902753,JuU
16,H902635,SoU
17,H902634,TU
18,H902640,SoU
19,H902639,SoU
0,H902643,SoU
1,H902642,SoU
2,H902641,SoU
3,H902638,SoU
4,H902637,SoU
5,H902636,SoU
6,H902645,SoU
7,H902644,SoU
8,H902663,KrU
9,H902668,KU
10,H902665,UbU
11,H902664,TU
12,H902675,NU
13,H902669,KU
14,H902672,JuU
15,H902673,KrU
16,H902674,KU
17,H902670,KU
18,H902671,MJU
19,H902678,KU
0,H902644,SoU
1,H902635,SoU
2,H902634,TU
3,H902463,FiU
4,H902458,JuU
5,H902566,AU
6,H902563,CU
7,H902622,SoU
8,H902524,SfU
9,H902602,SfU
10,H902527,SfU
11,H902457,KU
12,H902567,UbU
13,H902521,UbU
14,H902520,UbU
15,H902594,CU
16,H902565,CU
17,H902515,CU
18,H902510,CU
19,H902508,CU
0,H902469,AU
1,H902539,SoU
2,H902618,SoU
3,H902603,SoU
4,H902442,SoU
5,H902547,SoU
6,H902542,SoU
7,H902446,TU
8,H902463,FiU
9,H902458,JuU
10,H902566,AU
11,H902563,CU
12,H902622,SoU
13,H902524,SfU
14,H902602,SfU
15,H902527,SfU
16,H902457,KU
17,H902567,UbU
18,H902521,UbU
19,H902520,UbU
0,H902594,CU
1,H902565,CU
2,H902515,CU
3,H902510,CU
4,H902508,CU
5,H902506,CU
6,H902504,CU
7,H902564,CU
8,H902591,CU
9,H902590,CU
10,H902464,AU
11,H902614,KU
12,H902611,KU
13,H902595,KU
14,H902556,KU
15,H902459,KU
16,H902557,KrU
17,H902630,MJU
18,H902596,MJU
19,H902480,MJU
0,H902479,MJU
1,H902474,MJU
2,H902416,MJU
3,H902413,MJU
4,H902497,UU
5,H902609,UbU
6,H902613,AU
7,H902492,AU
8,H902477,AU
9,H902460,AU
10,H902482,CU
11,H902626,JuU
12,H902514,FöU
13,H902453,KU
14,H902462,JuU
15,H902433,JuU
16,H902450,FöU
17,H902475,KU
18,H902498,UbU
19,H902540,SoU
0,H902435,SoU
1,H902624,FöU
2,H902440,TU
3,H902517,AU
4,H902548,SoU
5,H902600,NU
6,H902533,TU
7,H902531,SoU
8,H902438,MJU
9,H902625,SoU
10,H902516,AU
11,H902485,AU
12,H902439,NU
13,H902505,TU
14,H902550,TU
15,H902481,TU
16,H902476,SoU
17,H902607,TU
18,H902558,KrU
19,H902617,SkU
0,H902434,SkU
1,H902428,JuU
2,H902525,SfU
3,H902419,JuU
4,H902456,JuU
5,H902526,SfU
6,H902488,SfU
7,H902621,MJU
8,H902543,SfU
9,H902432,JuU
10,H902547,SoU
11,H902542,SoU
12,H902441,SfU
13,H902495,SfU
14,H902606,JuU
15,H902554,JuU
16,H902486,JuU
17,H902605,SfU
18,H902530,SfU
19,H902528,SfU
0,H902408,NU
1,H902601,NU
2,H902545,MJU
3,H902415,MJU
4,H902467,FiU
5,H902537,MJU
6,H902598,MJU
7,H902418,MJU
8,H902417,MJU
9,H902555,MJU
10,H902593,SoU
11,H902553,SoU
12,H902546,SoU
13,H902444,SoU
14,H902455,JuU
15,H902429,JuU
16,H902509,TU
17,H902491,TU
18,H902471,TU
19,H902507,TU
0,H902494,TU
1,H902493,TU
2,H902484,SkU
3,H902466,KU
4,H902562,CU
5,H902420,
6,H902412,SoU
7,H902409,JuU
8,H902411,SoU
9,H902410,JuU
10,H902431,AU
11,H902430,AU
12,H902427,CU
13,H902437,AU
14,H902518,MJU
15,H902559,KrU
16,H902489,SoU
17,H902451,JuU
18,H902425,JuU
19,H902468,AU
0,H902437,AU
1,H902518,MJU
2,H902455,JuU
3,H902429,JuU
4,H902537,MJU
5,H902598,MJU
6,H902418,MJU
7,H902417,MJU
8,H902555,MJU
9,H902466,KU
10,H902509,TU
11,H902491,TU
12,H902471,TU
13,H902507,TU
14,H902494,TU
15,H902493,TU
16,H902484,SkU
17,H902423,KU
18,H902465,FiU
19,H902500,UbU
0,H902572,JuU
1,H902570,JuU
2,H902569,JuU
3,H902574,JuU
4,H902575,JuU
5,H902576,JuU
6,H902578,KrU
7,H902588,SoU
8,H902582,CU
9,H902589,CU
10,H902584,UbU
11,H902583,UbU
12,H902580,KU
13,H902579,KU
14,H902581,KU
15,H902587,UbU
16,H902586,UbU
17,H902585,UbU
18,H902522,TU
19,H902616,TU
0,H902466,KU
1,H902628,UbU
2,H902612,AU
3,H902519,UbU
4,H902499,UbU
5,H902633,JuU
6,H902632,MJU
7,H902631,JuU
8,H902588,SoU
9,H902589,CU
10,H902587,UbU
11,H902585,UbU
12,H902573,JuU
13,H902575,JuU
14,H902576,JuU
15,H902578,KrU
16,H902577,KU
17,H902580,KU
18,H902579,KU
19,H902581,KU
0,H902610,MJU
1,H902445,SoU
2,H902496,SoU
3,H902452,SoU
4,H902629,SoU
5,H902633,JuU
6,H902632,MJU
7,H902631,JuU
8,H902573,JuU
9,H902394,SfU
10,H902373,KU
11,H902377,KU
12,H902374,KU
13,H902348,KU
14,H902406,KrU
15,H902372,UbU
16,H902355,CU
17,H902399,FiU
18,H902392,FiU
19,H902379,JuU
0,H902376,JuU
1,H902351,TU
2,H902362,CU
3,H902398,SoU
4,H902353,TU
5,H902350,TU
6,H902386,TU
7,H902363,SkU
8,H902391,UbU
9,H902358,UbU
10,H902387,SkU
11,H902357,SoU
12,H902346,UU
13,H902388,MJU
14,H902396,SfU
15,H902390,JuU
16,H902365,TU
17,H902360,TU
18,H902397,NU
19,H902393,KrU
0,H902353,TU
1,H902350,TU
2,H902386,TU
3,H902363,SkU
4,H902391,UbU
5,H902358,UbU
6,H902387,SkU
7,H902357,SoU
8,H902346,UU
9,H902388,MJU
10,H902396,SfU
11,H902390,JuU
12,H902365,TU
13,H902360,TU
14,H902397,NU
15,H902393,KrU
16,H902361,TU
17,H902389,FiU
18,H902368,SkU
19,H902407,UbU
0,H902403,TU
1,H902405,TU
2,H902402,TU
3,H902375,TU
4,H902370,TU
5,H902359,TU
6,H902352,TU
7,H902384,SfU
8,H902371,TU
9,H902366,TU
10,H902401,TU
11,H902309,SoU
12,H902324,KrU
13,H902345,JuU
14,H902312,SkU
15,H902304,SkU
16,H902295,JuU
17,H902280,FöU
18,H902278,JuU
19,H902337,JuU
0,H902258,CU
1,H902331,AU
2,H902316,KU
3,H902268,KU
4,H902341,KrU
5,H902336,UbU
6,H902247,UbU
7,H902252,KU
8,H902257,NU
9,H902289,FöU
10,H902325,CU
11,H902343,CU
12,H902243,UbU
13,H902232,TU
14,H902317,CU
15,H902281,SoU
16,H902250,SoU
17,H902318,MJU
18,H902300,SoU
19,H902239,MJU
0,H902268,KU
1,H902341,KrU
2,H902336,UbU
3,H902247,UbU
4,H902252,KU
5,H902257,NU
6,H902289,FöU
7,H902325,CU
8,H902343,CU
9,H902243,UbU
10,H902232,TU
11,H902317,CU
12,H902281,SoU
13,H902250,SoU
14,H902318,MJU
15,H902300,SoU
16,H902239,MJU
17,H902236,MJU
18,H902227,TU
19,H902327,KrU
0,H902344,KrU
1,H902338,SkU
2,H902311,TU
3,H902253,UbU
4,H902270,SoU
5,H902306,SoU
6,H902292,SoU
7,H902286,SoU
8,H902266,SkU
9,H902265,MJU
10,H902328,MJU
11,H902262,MJU
12,H902340,NU
13,H902326,SkU
14,H902251,JuU
15,H902339,JuU
16,H902321,KU
17,H902282,SfU
18,H902259,CU
19,H902319,CU
0,H902230,CU
1,H902293,MJU
2,H902271,UbU
3,H902332,SoU
4,H902314,JuU
5,H902302,SfU
6,H902322,JuU
7,H902333,JuU
8,H902249,JuU
9,H902298,CU
10,H902275,JuU
11,H902269,MJU
12,H902284,MJU
13,H902264,MJU
14,H902260,MJU
15,H902273,MJU
16,H902241,SfU
17,H902334,KU
18,H902294,KU
19,H902272,MJU
0,H902307,SoU
1,H902283,SoU
2,H902285,SoU
3,H902290,SkU
4,H902228,MJU
5,H902309,SoU
6,H902324,KrU
7,H902345,JuU
8,H902312,SkU
9,H902304,SkU
10,H902295,JuU
11,H902280,FöU
12,H902278,JuU
13,H902337,JuU
14,H902315,NU
15,H902238,SoU
16,H902233,SoU
17,H902320,SoU
18,H902256,KU
19,H902274,NU
0,H902248,SoU
1,H902291,KU
2,H902323,SoU
3,H902231,MJU
4,H902288,KU
5,H902245,KU
6,H902335,KU
7,H902303,SoU
8,H902277,UbU
9,H902255,SfU
10,H902187,JuU
11,H90299,KrU
12,H902183,SoU
13,H902180,KrU
14,H902156,JuU
15,H902193,JuU
16,H902192,JuU
17,H902154,JuU
18,H902130,FöU
19,H902155,JuU
0,H902108,JuU
1,H902110,SfU
2,H902158,JuU
3,H902174,NU
4,H902220,SoU
5,H902133,SoU
6,H902121,SoU
7,H902190,
8,H90285,UbU
9,H902177,CU
10,H902201,CU
11,H902142,KU
12,H902131,KU
13,H90295,KU
14,H902135,
15,H902170,MJU
16,H902168,MJU
17,H902167,MJU
18,H902185,AU
19,H902126,SkU
0,H902213,NU
1,H902172,NU
2,H902163,NU
3,H902115,NU
4,H90290,TU
5,H902179,TU
6,H902145,TU
7,H902195,AU
8,H902189,AU
9,H902119,SoU
10,H90284,NU
11,H90293,SoU
12,H902182,TU
13,H90291,SkU
14,H902106,NU
15,H902188,KrU
16,H90296,SkU
17,H902143,UbU
18,H902221,TU
19,H902124,TU
0,H902115,NU
1,H90290,TU
2,H902179,TU
3,H902145,TU
4,H902195,AU
5,H902189,AU
6,H902119,SoU
7,H90284,NU
8,H90293,SoU
9,H902182,TU
10,H90291,SkU
11,H902106,NU
12,H902188,KrU
13,H90296,SkU
14,H902143,UbU
15,H902221,TU
16,H902124,TU
17,H902217,SoU
18,H902153,SoU
19,H902212,SoU
0,H902120,SoU
1,H902169,MJU
2,H902121,SoU
3,H902139,SfU
4,H902141,KU
5,H902136,KU
6,H902166,MJU
7,H902100,CU
8,H902116,NU
9,H902113,MJU
10,H902112,MJU
11,H902184,MJU
12,H902219,MJU
13,H902137,MJU
14,H902114,MJU
15,H90292,FiU
16,H902105,MJU
17,H902186,JuU
18,H902197,JuU
19,H902191,TU
0,H902141,KU
1,H902136,KU
2,H902166,MJU
3,H902100,CU
4,H902116,NU
5,H902113,MJU
6,H902112,MJU
7,H902184,MJU
8,H902219,MJU
9,H902137,MJU
10,H902114,MJU
11,H90292,FiU
12,H902103,JuU
13,H902134,JuU
14,H902127,JuU
15,H902173,
16,H90288,NU
17,H902102,NU
18,H902101,UU
19,H90294,KU
0,H902186,JuU
1,H902197,JuU
2,H902105,MJU
3,H902216,UbU
4,H902129,TU
5,H902191,TU
6,H90298,MJU
7,H902226,UbU
8,H902223,UbU
9,H902161,MJU
10,H902160,MJU
11,H902175,MJU
12,H902140,MJU
13,H902144,MJU
14,H902225,UbU
15,H902218,TU
16,H902147,TU
17,H902125,TU
18,H902198,MJU
19,H902109,CU
0,H902191,TU
1,H902216,UbU
2,H902223,UbU
3,H902210,KrU
4,H902203,NU
5,H902204,FiU
6,H902202,JuU
7,H902205,MJU
8,H902209,UbU
9,H902208,MJU
10,H902207,MJU
11,H902206,MJU
12,H902157,JuU
13,H90271,UU
14,H90270,KrU
15,H90244,FöU
16,H90258,SoU
17,H90256,SoU
18,H90233,JuU
19,H90250,SoU
0,H90251,KU
1,H90273,KU
2,H90278,KU
3,H90266,KU
4,H90247,UbU
5,H90261,SoU
6,H90232,SoU
7,H90262,TU
8,H90246,SoU
9,H90281,AU
10,H90239,SoU
11,H90224,MJU
12,H90227,SkU
13,H90264,UU
14,H90255,SkU
15,H90257,SoU
16,H90242,SoU
17,H90230,SoU
18,H90243,SoU
19,H90241,SoU
0,H90265,UU
1,H90263,SkU
2,H90240,UbU
3,H90226,MJU
4,H90275,UU
5,H90269,UU
6,H90252,SkU
7,H90267,KU
8,H90277,KU
9,H90276,KU
10,H90274,KU
11,H90231,SfU
12,H90223,SfU
13,H90235,SfU
14,H90236,MJU
15,H90248,FiU
16,H90259,JuU
17,H90254,KrU
18,H90272,SoU
19,H90249,SoU
0,H90258,SoU
1,H90256,SoU
2,H90233,JuU
3,H90253,TU
4,H90234,TU
5,H90268,TU
6,H90229,TU
7,H90228,TU
8,H90238,TU
9,H90260,NU
10,H90279,UU
11,H90283,UbU
12,H90280,UbU
13,H90245,SoU
14,H90218,SkU
15,H90221,TU
16,H90220,TU
17,H90219,FöU
18,H90222,TU
19,H90215,TU
0,H90212,SkU
1,H9029,TU
2,H90216,UU
3,H9028,CU
4,H9026,CU
5,H90217,KU
6,H90211,FiU
7,H90210,TU
8,H9025,TU
9,H90214,MJU
10,H90213,UbU
11,H9027,MJU
12,H9023,KU
13,H9022,UU
14,H9021,MJU
15,H9024,UU
16,H8024113,JuU
17,H8024112,NU
18,H8024110,SoU
19,H8024107,SoU
0,H8024111,SoU
1,H8024108,SoU
2,H8024109,SoU
3,H8024106,SoU
4,H8024105,SkU
5,H8024096,SoU
6,H8024100,SfU
7,H8024098,SfU
8,H8024104,CU
9,H8024103,CU
10,H8024102,CU
11,H8024101,CU
12,H8024099,CU
13,H8024097,CU
14,H8024095,FiU
15,H8024094,FiU
16,H8024093,FiU
17,H8024086,AU
18,H8024091,AU
19,H8024085,JuU
0,H8024088,SkU
1,H8024087,SkU
2,H8024090,MJU
3,H8024089,MJU
4,H8024092,MJU
5,H8024083,SkU
6,H8024082,SkU
7,H8024084,SkU
8,H8024078,JuU
9,H8024081,JuU
10,H8024080,JuU
11,H8024079,JuU
12,H8024077,MJU
13,H8024076,MJU
14,H8024074,NU
15,H8024073,SfU
16,H8024075,SfU
17,H8024067,NU
18,H8024071,NU
19,H8024068,NU
0,H8024072,
1,H8024066,TU
2,H8024070,SfU
3,H8024065,MJU
4,H8024064,SfU
5,H8024069,FöU
6,H8024059,SfU
7,H8024062,MJU
8,H8024063,SfU
9,H8024058,TU
10,H8024061,TU
11,H8024060,MJU
12,H8024057,TU
13,H8024056,NU
14,H8024053,NU
15,H8024051,NU
16,H8024055,MJU
17,H8024054,MJU
18,H8024052,MJU
19,H8024050,MJU
0,H8024040,NU
1,H8024049,NU
2,H8024044,NU
3,H8024045,MJU
4,H8024042,TU
5,H8024038,MJU
6,H8024048,MJU
7,H8024043,MJU
8,H8024039,MJU
9,H8024036,MJU
10,H8024037,TU
11,H8024047,TU
12,H8024041,TU
13,H8024046,SoU
14,H8024034,FiU
15,H8024033,FiU
16,H8024035,FiU
17,H8024032,FiU
18,H8024030,SfU
19,H8024031,FiU
0,H8024024,CU
1,H8024012,AU
2,H8024025,SfU
3,H8024022,SfU
4,H8024018,SfU
5,H8024013,SfU
6,H8024019,FiU
7,H8024020,AU
8,H8024021,CU
9,H8024016,UU
10,H8024015,UU
11,H8024011,SoU
12,H8024029,CU
13,H8024027,SfU
14,H8024014,SfU
15,H8024010,CU
16,H8024028,SoU
17,H8024017,SoU
18,H8024023,AU
19,H8024026,CU
0,H8024004,UU
1,H8024007,SoU
2,H8024009,CU
3,H8024005,CU
4,H8024008,NU
5,H8024006,SfU
6,H8024003,FiU
7,H8023995,
8,H8023997,SoU
9,H8023992,SoU
10,H8024000,SoU
11,H8023988,SoU
12,H8023987,KrU
13,H8023999,JuU
14,H8023998,FiU
15,H8023996,FiU
16,H8023993,JuU
17,H8023990,JuU
18,H8023986,JuU
19,H8024001,FiU
0,H8024002,SkU
1,H8023994,FöU
2,H8023991,FöU
3,H8023989,FöU
4,H8023985,KrU
5,H8023984,SoU
6,H8023983,CU
7,H8023982,SfU
8,H8023979,
9,H8023980,KU
10,H8023981,KU
11,H8023978,FiU
12,H8023976,SkU
13,H8023975,SkU
14,H8023977,SkU
15,H8023973,MJU
16,H8023931,MJU
17,H8023970,SkU
18,H8023968,SkU
19,H8023965,SkU
0,H8023944,KrU
1,H8023949,MJU
2,H8023952,SoU
3,H8023950,KrU
4,H8023958,SoU
5,H8023940,SoU
6,H8023930,SfU
7,H8023955,SfU
8,H8023948,SfU
9,H8023947,UU
10,H8023941,
11,H8023939,SoU
12,H8023934,CU
13,H8023961,CU
14,H8023951,CU
15,H8023942,KrU
16,H8023974,NU
17,H8023971,NU
18,H8023943,SoU
19,H8023964,FiU
0,H8023945,UbU
1,H8023938,CU
2,H8023937,CU
3,H8023936,SoU
4,H8023932,KrU
5,H8023929,SoU
6,H8023928,CU
7,H8023953,CU
8,H8023969,CU
9,H8023960,CU
10,H8023972,MJU
11,H8023962,MJU
12,H8023967,UbU
13,H8023966,TU
14,H8023963,CU
15,H8023959,UU
16,H8023957,CU
17,H8023956,CU
18,H8023954,UU
19,H8023946,CU
0,H8023935,SoU
1,H8023933,KU
2,H8023921,SfU
3,H8023923,CU
4,H8023926,CU
5,H8023925,UU
6,H8023924,NU
7,H8023922,CU
8,H8023927,TU
9,H8023920,UbU
10,H8023915,SkU
11,H8023904,KU
12,H8023917,MJU
13,H8023916,NU
14,H8023907,UbU
15,H8023914,MJU
16,H8023919,
17,H8023900,SkU
18,H8023911,MJU
19,H8023908,MJU
0,H8023906,SfU
1,H8023905,SfU
2,H8023903,SfU
3,H8023901,SkU
4,H8023913,AU
5,H8023912,SkU
6,H8023910,UU
7,H8023918,UU
8,H8023909,UU
9,H8023902,UU
10,H8023896,UbU
11,H8023899,NU
12,H8023898,CU
13,H8023895,KU
14,H8023897,UU
15,H8023894,SfU
16,H8023893,TU
17,H8023892,JuU
18,H8023891,JuU
19,H8023889,JuU
0,H8023890,UbU
1,H8023883,JuU
2,H8023887,JuU
3,H8023884,UbU
4,H8023888,SoU
5,H8023885,SoU
6,H8023886,
7,H8023882,TU
8,H8023881,NU
9,H8023880,NU
10,H8023879,FiU
11,H8023878,FiU
12,H8023877,SoU
13,H8023876,SoU
14,H8023875,FiU
15,H8023874,SoU
16,H8023873,SoU
17,H8023872,TU
18,H8023870,AU
19,H8023871,AU
0,H8023868,AU
1,H8023869,TU
2,H8023867,TU
3,H8023865,AU
4,H8023866,FiU
5,H8023864,FiU
6,H8023860,FiU
7,H8023861,JuU
8,H8023862,JuU
9,H8023863,JuU
10,H8023859,FiU
11,H8023858,JuU
12,H8023857,FiU
13,H8023856,FiU
14,H8023854,FiU
15,H8023852,JuU
16,H8023847,FiU
17,H8023848,JuU
18,H8023855,JuU
19,H8023853,JuU
0,H8023851,JuU
1,H8023850,JuU
2,H8023849,JuU
3,H8023842,FiU
4,H8023846,SfU
5,H8023843,SfU
6,H8023840,SfU
7,H8023844,KU
8,H8023845,KU
9,H8023841,KU
10,H8023839,KU
11,H8023837,FiU
12,H8023838,SfU
13,H8023836,FiU
14,H8023835,FiU
15,H8023816,UU
16,H8023819,UbU
17,H8023822,SoU
18,H8023821,FiU
19,H8023826,SkU
0,H8023825,FiU
1,H8023811,SoU
2,H8023829,SoU
3,H8023823,JuU
4,H8023818,JuU
5,H8023831,JuU
6,H8023827,JuU
7,H8023830,JuU
8,H8023814,UU
9,H8023812,JuU
10,H8023828,JuU
11,H8023824,JuU
12,H8023817,JuU
13,H8023834,UbU
14,H8023813,UbU
15,H8023833,UbU
16,H8023820,
17,H8023832,UU
18,H8023810,UU
19,H8023815,FöU
