,index,WD,SvenskaAkademin,wdReplace,wdReplaceBy,wdStart,wdEnd,wdOrdinal,chairOrder,SvChair,SvStart,SvEnd,wdEndDate,orderNumber,replacedByWD,newWDChair,replaceWD
0,48,Q491083,hopken-anders-johan-von,Q491083,Q491083,1786-04-05,1789-05-09 00:00:00+00:00,1,1,1,1786-04-05,1789-05-09,1789-05-09,1,Q4358870,Q96599799,
1,74,Q4358870,gyldenstolpe-nils-philip,Q4358870,Q4358870,1789-06-18,1810-02-20 00:00:00+00:00,2,1,1,1789-12-11,1810-02-20,1810-02-20,2,Q1355965,Q96599799,Q491083
2,201,Q1355965,wallin-johan-olof,Q1355965,Q1355965,1811-05-29,1839-06-30 00:00:00+00:00,3,1,1,1811-05-29,1839-06-30,1839-06-30,3,Q1959091,Q96599799,Q4358870
3,215,Q1959091,fryxell-anders,Q1959091,Q1959091,1841-05-23,1881-03-21 00:00:00+00:00,4,1,1,1841-05-23,1881-03-21,1881-03-21,4,Q2291097,Q96599799,Q1355965
4,146,Q2291097,forssell-hans,Q2291097,Q2291097,1881-12-20,1901-07-31 00:00:00+00:00,5,1,1,1881-12-20,1901-07-31,1901-07-31,5,Q2070822,Q96599799,Q1959091
5,126,Q2070822,bildt-carl,Q2070822,Q2070822,1902-06-20,1931-01-26 00:00:00+00:00,6,1,1,1902-06-20,1931-01-26,1931-01-26,6,Q2193692,Q96599799,Q2291097
6,144,Q2193692,wedberg-birger,Q2193692,Q2193692,1931-12-20,1945-10-02 00:00:00+00:00,7,1,1,1931-12-20,1945-10-02,1945-10-02,7,Q2286404,Q96599799,Q2070822
7,145,Q2286404,ekeberg-birger,Q2286404,Q2286404,1945-12-20,1968-11-30 00:00:00+00:00,8,1,1,1945-12-20,1968-11-30,1968-11-30,8,Q736172,Q96599799,Q2193692
8,178,Q736172,petren-sture,Q736172,Q736172,1969-12-20,1976-12-13 00:00:00+00:00,9,1,1,1969-12-20,1976-12-13,1976-12-13,9,Q1358507,Q96599799,Q2286404
9,203,Q1358507,rudholm-sten,Q1358507,Q1358507,1977-12-20,2008-11-29 00:00:00+00:00,10,1,1,1977-12-20,2008-11-29,2008-11-29,10,Q264036,Q96599799,Q736172
10,15,Q264036,lotass-lotta,Q264036,Q264036,2009-12-20,2018-05-07 00:00:00+00:00,11,1,1,2009-12-20,2018-05-07,2018-05-07,11,Q55338841,Q96599799,Q1358507
11,142,Q55338841,runesson-eric-m,Q55338841,Q55338841,2018-12-20,,12,1,1,2018-12-20,,,12,,Q96599799,Q264036
12,25,Q330454,edelcrantz-fore-adlandet-clewberg-abraham-niclas,Q330454,Q330454,1786-12-02,1821-03-15 00:00:00+00:00,1,2,2,1786-12-02,1821-03-15,1821-03-15,1,Q2527336,Q96600293,
13,153,Q2527336,hagberg-carl-peter,Q2527336,Q2527336,1821-10-29,1841-09-15 00:00:00+00:00,2,2,2,1821-10-29,1841-09-15,1841-09-15,2,Q2064881,Q96600293,Q330454
14,125,Q2064881,fahlcrantz-christian,Q2064881,Q2064881,1844-01-15,1866-08-06 00:00:00+00:00,3,2,2,1844-01-15,1866-08-06,1866-08-06,3,Q1388588,Q96600293,Q2527336
15,204,Q1388588,wennerberg-gunnar,Q1388588,Q1388588,1867-12-20,1901-08-24 00:00:00+00:00,4,2,2,1867-12-20,1901-08-24,1901-08-24,4,Q2001721,Q96600293,Q2064881
16,218,Q2001721,annerstedt-claes,Q2001721,Q2001721,1902-12-20,1927-11-20 00:00:00+00:00,5,2,2,1902-12-20,1927-11-20,1927-11-20,5,Q2377709,Q96600293,Q1388588
17,149,Q2377709,lamm-martin,Q2377709,Q2377709,1928-12-20,1950-05-05 00:00:00+00:00,6,2,2,1928-12-20,1950-05-05,1950-05-05,6,Q1807494,Q96600293,Q2001721
18,211,Q1807494,andersson-ingvar,Q1807494,Q1807494,1950-12-20,1974-10-14 00:00:00+00:00,7,2,2,1950-12-20,1974-10-14,1974-10-14,7,Q525099,Q96600293,Q2377709
19,51,Q525099,segerstedt-torgny,Q525099,Q525099,1975-12-20,1999-01-28 00:00:00+00:00,8,2,2,1975-12-20,1999-01-28,1999-01-28,8,Q887439,Q96600293,Q1807494
20,181,Q887439,ralph-bo,Q887439,Q887439,1999-12-20,,9,2,2,1999-12-20,,,9,Q2490551,Q96600293,Q525099
21,151,Q2490551,scheffer-carl-fredrik,Q2490551,Q2490551,1786-03-20,1786-03-20 00:00:00+00:00,1,2,2,,1786-03-20,1786-03-20,10,,Q96600293,Q887439
22,182,Q896571,celsius-olof,Q896571,Q896571,1786-05-27,1794-02-15 00:00:00+00:00,1,3,3,1786-05-27,1794-02-15,1794-02-15,1,Q2073153,Q96600298,
23,127,Q2073153,tingstadius-johan-adam,Q2073153,Q2073153,1795-02-12,1827-12-10 00:00:00+00:00,2,3,3,1795-02-12,1827-12-10,1827-12-10,2,Q714281,Q96600298,Q896571
24,65,Q714281,brinkman-carl-gustaf-von,Q714281,Q714281,1828-11-03,1847-12-25 00:00:00+00:00,3,3,3,1828-11-03,1847-12-25,1847-12-25,3,Q2308805,Q96600298,Q2073153
25,148,Q2308805,borjesson-johan,Q2308805,Q2308805,1861-03-19,1866-05-06 00:00:00+00:00,4,3,3,1861-03-19,1866-05-06,1866-05-06,4,Q2573515,Q96600298,Q714281
26,154,Q2573515,melin-hans-magnus,Q2573515,Q2573515,1866-12-20,1877-11-17 00:00:00+00:00,5,3,3,1866-12-20,1877-11-17,1877-11-17,5,Q2518893,Q96600298,Q2308805
27,152,Q2518893,malmstrom-carl-gustaf,Q2518893,Q2518893,1878-12-20,1912-09-12 00:00:00+00:00,6,3,3,1878-12-20,1912-09-12,1912-09-12,6,Q1926407,Q96600298,Q2573515
28,213,Q1926407,schuck-henrik,Q1926407,Q1926407,1913-12-20,1947-10-03 00:00:00+00:00,7,3,3,1913-12-20,1947-10-03,1947-10-03,7,Q940383,Q96600298,Q2518893
29,190,Q940383,nyberg-henrik,Q940383,Q940383,1948-12-20,1974-02-09 00:00:00+00:00,8,3,3,1948-12-20,1974-02-09,1974-02-09,8,Q2487226,Q96600298,Q1926407
30,150,Q2487226,stahle-carl-ivar,Q2487226,Q2487226,1974-12-20,1980-06-12 00:00:00+00:00,9,3,3,1974-12-20,1980-06-12,1980-06-12,9,Q949175,Q96600298,Q940383
31,191,Q949175,allen-sture,Q949175,Q949175,1986-01-01,1999-01-01 00:00:00+00:00,14,,3,1980-12-20,,1999-01-01,10,Q949175,Q96600298,Q2487226
32,192,Q949175,allen-sture,Q949175,Q949175,1980-12-20,,10,3,3,1980-12-20,,,11,,Q96600298,Q949175
33,55,Q543195,kellgren-johan-henric,Q543195,Q543195,1786-04-05,1795-04-20 00:00:00+00:00,1,4,4,1786-04-05,1795-04-20,1795-04-20,1,Q655653,Q96600304,
34,63,Q655653,stenhammar-johan,Q655653,Q655653,1798-03-14,1799-01-31 00:00:00+00:00,2,4,4,1798-03-14,1799-01-31,1799-01-31,2,Q5733074,Q96600304,Q543195
35,92,Q5733074,fleming-claes,Q5733074,Q5733074,1799-11-23,1831-05-12 00:00:00+00:00,3,4,4,1799-11-23,1831-05-12,1831-05-12,3,Q345654,Q96600304,Q655653
36,30,Q345654,agardh-carl-adolph,Q345654,Q345654,1834-08-22,1859-01-28 00:00:00+00:00,4,4,4,1834-08-22,1859-01-28,1859-01-28,4,Q321521,Q96600304,Q5733074
37,21,Q321521,carlson-fredrik,Q321521,Q321521,1861-03-19,1887-03-18 00:00:00+00:00,5,4,4,1861-03-19,1887-03-18,1887-03-18,5,Q6083461,Q96600304,Q345654
38,121,Q6083461,rundgren-herman,Q6083461,Q6083461,1887-12-20,1906-09-19 00:00:00+00:00,6,4,4,1887-12-20,1906-09-19,1906-09-19,6,Q2940262,Q96600304,Q321521
39,161,Q2940262,afzelius-ivar,Q2940262,Q2940262,1908-02-15,1921-10-30 00:00:00+00:00,7,4,4,1908-02-15,1921-10-30,1921-10-30,7,Q2756080,Q96600304,Q6083461
40,158,Q2756080,hedberg-tor,Q2756080,Q2756080,1922-12-20,1931-07-13 00:00:00+00:00,8,4,4,1922-12-20,1931-07-13,1931-07-13,8,Q331173,Q96600304,Q2940262
41,27,Q331173,siwertz-sigfrid,Q331173,Q331173,1932-12-20,1970-11-26 00:00:00+00:00,9,4,4,1932-12-20,1970-11-26,1970-11-26,9,Q1806201,Q96600304,Q2756080
42,210,Q1806201,forssell-lars,Q1806201,Q1806201,1971-12-20,2007-07-26 00:00:00+00:00,10,4,4,1971-12-20,2007-07-26,2007-07-26,10,Q382714,Q96600304,Q331173
43,38,Q382714,olsson-anders,Q382714,Q382714,2018-04-13,,,,4,2008-12-20,,,11,Q382714,Q96600304,Q1806201
44,39,Q382714,olsson-anders,Q382714,Q382714,2018-06-01,2019-06-01 00:00:00+00:00,18,,4,2008-12-20,,2019-06-01,12,Q382714,Q96600304,Q382714
45,40,Q382714,olsson-anders,Q382714,Q382714,2008-12-20,,11,4,4,2008-12-20,,,13,,Q96600304,Q382714
46,102,Q5802535,hermansson-mattias-von,Q5802535,Q5802535,1786-04-05,1789-07-25 00:00:00+00:00,1,5,5,1786-04-05,1789-07-25,1789-07-25,1,Q5944497,Q96600314,
47,108,Q5944497,lehnberg-magnus,Q5944497,Q5944497,1790-03-17,1808-12-09 00:00:00+00:00,2,5,5,1790-03-17,1808-12-09,1808-12-09,2,Q1401658,Q96600314,Q5802535
48,205,Q1401658,lindblom-jacob,Q1401658,Q1401658,1809-07-08,1819-02-15 00:00:00+00:00,3,5,5,1809-07-08,1819-02-15,1819-02-15,3,Q930758,Q96600314,Q5944497
49,187,Q930758,rosenstein-fore-adlandet-aurivillius-carl-von,Q930758,Q930758,1820-04-10,1836-12-02 00:00:00+00:00,4,5,5,1820-04-10,1836-12-02,1836-12-02,4,Q151911,Q96600314,Q1401658
50,8,Q151911,berzelius-jacob,Q151911,Q151911,1837-12-20,1848-08-07 00:00:00+00:00,5,5,5,1837-12-20,1848-08-07,1848-08-07,5,Q6085718,Q96600314,Q930758
51,123,Q6085718,rydqvist-johan-erik,Q6085718,Q6085718,1849-12-20,1877-12-17 00:00:00+00:00,6,5,5,1849-12-20,1877-12-17,1877-12-17,6,Q3482506,Q96600314,Q151911
52,169,Q3482506,wisen-theodor,Q3482506,Q3482506,1878-12-20,1892-02-15 00:00:00+00:00,7,5,5,1878-12-20,1892-02-15,1892-02-15,7,Q6202417,Q96600314,Q6085718
53,134,Q6202417,soderwall-knut,Q6202417,Q6202417,1892-12-20,1924-05-30 00:00:00+00:00,8,5,5,1892-12-20,1924-05-30,1924-05-30,8,Q2190143,Q96600314,Q3482506
54,143,Q2190143,kock-axel,Q2190143,Q2190143,1924-12-20,1935-03-18 00:00:00+00:00,9,5,5,1924-12-20,1935-03-18,1935-03-18,9,Q5804013,Q96600314,Q6202417
55,103,Q5804013,hesselman-bengt,Q5804013,Q5804013,1935-12-20,1952-04-06 00:00:00+00:00,10,5,5,1935-12-20,1952-04-06,1952-04-06,10,Q6027049,Q96600314,Q2190143
56,117,Q6027049,olsson-henry,Q6027049,Q6027049,1952-12-20,1985-01-11 00:00:00+00:00,11,5,5,1952-12-20,1985-01-11,1985-01-11,11,Q935013,Q96600314,Q5804013
57,189,Q935013,malmqvist-goran,Q935013,Q935013,1985-12-20,2019-10-17 00:00:00+00:00,12,5,5,1985-12-20,2019-10-17,2019-10-17,12,,Q96600314,Q6027049
58,136,Q6244269,wingard-johan,Q6244269,Q6244269,1786-05-27,1818-01-12 00:00:00+00:00,1,6,6,1786-05-27,1818-01-12,1818-01-12,1,Q6001491,Q96600324,
59,114,Q6001491,morner-adolf,Q6001491,Q6001491,1819-03-02,1838-01-30 00:00:00+00:00,2,6,6,1819-03-02,1838-01-30,1838-01-30,2,Q490686,Q96600324,Q6244269
60,47,Q490686,grafstrom-anders,Q490686,Q490686,1840-05-26,1870-07-24 00:00:00+00:00,3,6,6,1840-05-26,1870-07-24,1870-07-24,3,Q4992658,Q96600324,Q6001491
61,80,Q4992658,dahlgren-fredrik,Q4992658,Q4992658,1871-12-20,1895-02-16 00:00:00+00:00,4,6,6,1871-12-20,1895-02-16,1895-02-16,4,Q46778,Q96600324,Q490686
62,173,Q46778,hildebrand-hans,Q46778,Q46778,1895-12-20,1913-02-02 00:00:00+00:00,5,6,6,1895-12-20,1913-02-02,1913-02-02,5,Q154759,Q96600324,Q4992658
63,9,Q154759,hedin-sven,Q154759,Q154759,1913-12-20,1952-11-26 00:00:00+00:00,6,6,6,1913-12-20,1952-11-26,1952-11-26,6,Q1356463,Q96600324,Q46778
64,202,Q1356463,selander-sten,Q1356463,Q1356463,1953-12-20,1957-04-08 00:00:00+00:00,7,6,6,1953-12-20,1957-04-08,1957-04-08,7,Q5795283,Q96600324,Q154759
65,100,Q5795283,hedberg-olle,Q5795283,Q5795283,1957-12-20,1974-09-20 00:00:00+00:00,8,6,6,1957-12-20,1974-09-20,1974-09-20,8,Q728197,Q96600324,Q1356463
66,67,Q728197,sundman-per-olof,Q728197,Q728197,1975-12-20,1992-10-09 00:00:00+00:00,9,6,6,1975-12-20,1992-10-09,1992-10-09,9,Q259238,Q96600324,Q5795283
67,13,Q259238,trotzig-birgitta,Q259238,Q259238,1993-12-20,2011-05-14 00:00:00+00:00,10,6,6,1993-12-20,2011-05-14,2011-05-14,10,Q2023775,Q96600324,Q728197
68,219,Q2023775,riad-tomas,Q2023775,Q2023775,2011-12-20,,11,6,6,2011-12-20,,,11,Q2023775,Q96600324,Q259238
69,220,Q2023775,riad-tomas,Q2023775,Q2023775,2016-01-26,2016-05-31 00:00:00+00:00,,,6,2011-12-20,,2016-05-31,12,,Q96600324,Q2023775
70,206,Q1453246,fersen-axel-von,Q1453246,Q1453246,1786-04-05,1794-04-24 00:00:00+00:00,1,7,7,1786-04-05,1794-04-24,1794-04-24,1,Q6176220,Q96600329,
71,129,Q6176220,silverstolpe-axel-gabriel,Q6176220,Q6176220,1795-03-04,1816-09-05 00:00:00+00:00,2,7,7,1795-03-04,1816-09-05,1816-09-05,2,Q5925848,Q96600329,Q1453246
72,106,Q5925848,kullberg-anders-af,Q5925848,Q5925848,1817-11-15,1851-05-06 00:00:00+00:00,3,7,7,1817-11-15,1851-05-06,1851-05-06,3,Q346056,Q96600329,Q6176220
73,31,Q346056,hagberg-carl-august,Q346056,Q346056,1852-05-18,1864-01-09 00:00:00+00:00,4,7,7,1852-05-18,1864-01-09,1864-01-09,4,Q6197780,Q96600329,Q5925848
74,133,Q6197780,svedelius-wilhelm-erik,Q6197780,Q6197780,1864-12-20,1889-02-26 00:00:00+00:00,5,7,7,1864-12-20,1889-02-26,1889-02-26,5,Q6092488,Q96600329,Q346056
75,124,Q6092488,sander-fredrik,Q6092488,Q6092488,1889-12-20,1900-05-30 00:00:00+00:00,6,7,7,1889-12-20,1900-05-30,1900-05-30,6,Q5755165,Q96600329,Q6197780
76,95,Q5755165,gellerstedt-albert,Q5755165,Q5755165,1901-12-20,1914-04-07 00:00:00+00:00,7,7,7,1901-12-20,1914-04-07,1914-04-07,7,Q44519,Q96600329,Q6092488
77,172,Q44519,lagerlof-selma,Q44519,Q44519,1914-12-20,1940-03-16 00:00:00+00:00,8,7,7,1914-12-20,1940-03-16,1940-03-16,8,Q291194,Q96600329,Q5755165
78,19,Q291194,gullberg-hjalmar,Q291194,Q291194,1940-12-20,1961-07-19 00:00:00+00:00,9,7,7,1940-12-20,1961-07-19,1961-07-19,9,Q5758618,Q96600329,Q44519
79,97,Q5758618,gierow-karl-ragnar,Q5758618,Q5758618,1961-12-20,1982-10-30 00:00:00+00:00,10,7,7,1961-12-20,1982-10-30,1982-10-30,10,Q5758618,Q96600329,Q291194
80,98,Q5758618,gierow-karl-ragnar,Q5758618,Q5758618,1964-01-01,1977-01-01 00:00:00+00:00,12,,7,1961-12-20,1982-10-30,1977-01-01,11,Q1345556,Q96600329,Q5758618
81,199,Q1345556,ahnlund-knut,Q1345556,Q1345556,1983-12-20,2012-11-28 00:00:00+00:00,11,7,7,1983-12-20,2012-11-28,2012-11-28,12,Q4944209,Q96600329,Q5758618
82,76,Q4944209,danius-sara,Q4944209,Q4944209,2015-01-01,2018-04-12 00:00:00+00:00,17,,7,2013-12-20,2019-02-26,2018-04-12,13,Q4944209,Q96600329,Q1345556
83,77,Q4944209,danius-sara,Q4944209,Q4944209,2013-12-20,2019-02-26 00:00:00+00:00,12,7,7,2013-12-20,2019-02-26,2019-02-26,14,Q42393941,Q96600329,Q4944209
84,141,Q42393941,wikforss-asa,Q42393941,Q42393941,2019-12-20,,13,7,7,2019-12-20,,,15,,Q96600329,Q4944209
85,208,Q1613210,oxenstierna-johan-gabriel,Q1613210,Q1613210,1786-04-05,1818-07-29 00:00:00+00:00,1,8,8,1786-04-05,1818-07-29,1818-07-29,1,Q366765,Q96600338,
86,35,Q366765,tegner-esaias,Q366765,Q366765,1819-06-22,1846-11-02 00:00:00+00:00,2,8,8,1819-06-22,1846-11-02,1846-11-02,2,Q4992736,Q96600338,Q1613210
87,81,Q4992736,bottiger-carl-wilhelm,Q4992736,Q4992736,1847-12-18,1878-12-22 00:00:00+00:00,3,8,8,1847-12-18,1878-12-22,1878-12-22,3,Q47088,Q96600338,Q366765
88,174,Q47088,wirsen-carl-david-af,Q47088,Q47088,1879-12-20,1912-06-12 00:00:00+00:00,4,8,8,1879-12-20,1912-06-12,1912-06-12,4,Q47088,Q96600338,Q4992736
89,175,Q47088,wirsen-carl-david-af,Q47088,Q47088,1884-01-01,1912-01-01 00:00:00+00:00,8,,8,1879-12-20,1912-06-12,1912-01-01,5,Q129173,Q96600338,Q47088
90,3,Q129173,heidenstam-verner-von,Q129173,Q129173,1912-12-20,1940-05-20 00:00:00+00:00,5,8,8,1912-12-20,1940-05-20,1940-05-20,6,Q93137,Q96600338,Q47088
91,0,Q93137,lagerkvist-par,Q93137,Q93137,1940-12-20,1974-07-11 00:00:00+00:00,6,8,8,1940-12-20,1974-07-11,1974-07-11,7,Q3075563,Q96600338,Q129173
92,164,Q3075563,sjostrand-osten,Q3075563,Q3075563,1975-12-20,2006-05-13 00:00:00+00:00,7,8,8,1975-12-20,2006-05-13,2006-05-13,8,Q194665,Q96600338,Q93137
93,12,Q194665,svenbro-jesper,Q194665,Q194665,2006-12-20,,8,8,8,2006-12-20,,,9,,Q96600338,Q3075563
94,166,Q3338577,adlerbeth-gudmund-goran,Q3338577,Q3338577,1786-04-05,1818-10-07 00:00:00+00:00,1,9,9,1786-04-05,1818-10-07,1818-10-07,1,Q1960724,Q96600350,
95,217,Q1960724,jarta-hans,Q1960724,Q1960724,1826-11-29,1847-04-06 00:00:00+00:00,2,9,9,1826-11-29,1847-04-06,1847-04-06,2,Q6180052,Q96600350,Q3338577
96,130,Q6180052,skogman-carl-david,Q6180052,Q6180052,1848-12-20,1856-02-20 00:00:00+00:00,3,9,9,1848-12-20,1856-02-20,1856-02-20,3,Q3054681,Q96600350,Q1960724
97,162,Q3054681,hamilton-henning,Q3054681,Q3054681,1874-01-01,1881-01-01 00:00:00+00:00,6,,9,1859-01-24,1886-01-15,1881-01-01,4,Q3054681,Q96600350,Q6180052
98,163,Q3054681,hamilton-henning,Q3054681,Q3054681,1859-01-24,1886-01-15 00:00:00+00:00,4,9,9,1859-01-24,1886-01-15,1886-01-15,5,Q6205468,Q96600350,Q3054681
99,135,Q6205468,tegner-esaias-0,Q6205468,Q6205468,1882-12-20,1928-11-21 00:00:00+00:00,5,9,9,1882-12-20,1928-11-21,1928-11-21,6,Q5744398,Q96600350,Q3054681
100,94,Q5744398,friesen-otto-von,Q5744398,Q5744398,1929-12-20,1942-09-10 00:00:00+00:00,6,9,9,1929-12-20,1942-09-10,1942-09-10,7,Q5969561,Q96600350,Q6205468
101,110,Q5969561,lofstedt-einar,Q5969561,Q5969561,1942-12-20,1955-06-10 00:00:00+00:00,7,9,9,1942-12-20,1955-06-10,1955-06-10,8,Q5884856,Q96600350,Q5744398
102,105,Q5884856,johannisson-ture,Q5884856,Q5884856,1955-12-20,1990-12-16 00:00:00+00:00,8,9,9,1955-12-20,1990-12-16,1990-12-16,9,Q437700,Q96600350,Q5969561
103,42,Q437700,lindgren-torgny,Q437700,Q437700,1991-12-20,2017-03-16 00:00:00+00:00,9,9,9,1991-12-20,2017-03-16,2017-03-16,10,Q41327740,Q96600350,Q5884856
104,140,Q41327740,svenungsson-jayne,Q41327740,Q41327740,2017-12-20,2018-11-09 00:00:00+00:00,10,9,9,2017-12-20,2018-11-09,2018-11-09,11,Q4966394,Q96600350,Q437700
105,78,Q4966394,mattson-ellen,Q4966394,Q4966394,2019-12-20,,11,9,9,2019-12-20,,,12,,Q96600350,Q41327740
106,87,Q5583374,botin-anders-af,Q5583374,Q5583374,1786-04-05,1790-09-22 00:00:00+00:00,1,10,10,1786-04-05,1790-09-22,1790-09-22,1,Q2585353,Q96600362,
107,155,Q2585353,zibet-christoffer-bogislaus,Q2585353,Q2585353,1790-12-10,1809-05-16 00:00:00+00:00,2,10,10,1790-12-10,1809-05-16,1809-05-16,2,Q4252338,Q96600362,Q5583374
108,70,Q4252338,lagerbjelke-gustaf,Q4252338,Q4252338,1819-09-25,1837-05-24 00:00:00+00:00,3,10,10,1819-09-25,1837-05-24,1837-05-24,3,Q3658762,Q96600362,Q2585353
109,69,Q3658762,wingard-carl-fredrik-af,Q3658762,Q3658762,1838-05-31,1851-09-19 00:00:00+00:00,4,10,10,1838-05-31,1851-09-19,1851-09-19,4,Q1348997,Q96600362,Q4252338
110,200,Q1348997,reuterdahl-henrik,Q1348997,Q1348997,1852-12-20,1870-06-28 00:00:00+00:00,5,10,10,1852-12-20,1870-06-28,1870-06-28,5,Q5755434,Q96600362,Q3658762
111,96,Q5755434,genberg-paul,Q5755434,Q5755434,1872-06-05,1875-09-29 00:00:00+00:00,6,10,10,1872-06-05,1875-09-29,1875-09-29,6,Q1040670,Q96600362,Q1348997
112,197,Q1040670,snoilsky-carl,Q1040670,Q1040670,1876-12-20,1903-05-19 00:00:00+00:00,7,10,10,1876-12-20,1903-05-19,1903-05-19,7,Q1959642,Q96600362,Q5755434
113,216,Q1959642,hjarne-harald,Q1959642,Q1959642,1903-12-20,1922-01-06 00:00:00+00:00,8,10,10,1903-12-20,1922-01-06,1922-01-06,8,Q325547,Q96600362,Q1040670
114,22,Q325547,book-fredrik,Q325547,Q325547,1922-12-20,1961-12-02 00:00:00+00:00,9,10,10,1922-12-20,1961-12-02,1961-12-02,9,Q3352137,Q96600362,Q1959642
115,167,Q3352137,lonnroth-erik,Q3352137,Q3352137,1962-12-20,2002-03-10 00:00:00+00:00,10,10,10,1962-12-20,2002-03-10,2002-03-10,10,Q347695,Q96600362,Q325547
116,32,Q347695,englund-peter,Q347695,Q347695,2002-12-20,,11,10,10,2002-12-20,,,11,Q347695,Q96600362,Q3352137
117,33,Q347695,englund-peter,Q347695,Q347695,2009-01-01,2015-01-01 00:00:00+00:00,16,,10,2002-12-20,,2015-01-01,12,,Q96600362,Q347695
118,119,Q6080164,rosenstein-nils-von,Q6080164,Q6080164,1786-04-05,1824-08-07 00:00:00+00:00,1,11,11,1786-04-05,1824-08-07,1824-08-07,1,Q6080164,Q96600367,
119,120,Q6080164,rosenstein-nils-von,Q6080164,Q6080164,1786-04-05,1824-08-07 00:00:00+00:00,1,,11,1786-04-05,1824-08-07,1824-08-07,2,Q5711087,Q96600367,Q6080164
120,91,Q5711087,enberg-lars-magnus,Q5711087,Q5711087,1825-02-21,1865-11-20 00:00:00+00:00,2,11,11,1825-02-21,1865-11-20,1865-11-20,3,Q990655,Q96600367,Q6080164
121,195,Q990655,hildebrand-bror-emil,Q990655,Q990655,1866-12-20,1884-08-30 00:00:00+00:00,3,11,11,1866-12-20,1884-08-30,1884-08-30,4,Q990655,Q96600367,Q5711087
122,196,Q990655,hildebrand-bror-emil,Q990655,Q990655,1881-01-01,1883-01-01 00:00:00+00:00,7,,11,1866-12-20,1884-08-30,1883-01-01,5,Q731379,Q96600367,Q990655
123,68,Q731379,odhner-clas-theodor,Q731379,Q731379,1885-12-20,1904-06-11 00:00:00+00:00,4,11,11,1885-12-20,1904-06-11,1904-06-11,6,Q134641,Q96600367,Q990655
124,6,Q134641,karlfeldt-erik-axel,Q134641,Q134641,1913-01-01,1931-01-01 00:00:00+00:00,9,,11,1904-12-20,1931-04-08,1931-01-01,7,Q134641,Q96600367,Q731379
125,7,Q134641,karlfeldt-erik-axel,Q134641,Q134641,1904-12-20,1931-04-08 00:00:00+00:00,5,11,11,1904-12-20,1931-04-08,1931-04-08,8,Q5734962,Q96600367,Q134641
126,93,Q5734962,fogelqvist-torsten,Q5734962,Q5734962,1931-12-20,1941-01-23 00:00:00+00:00,6,11,11,1931-12-20,1941-01-23,1941-01-23,9,Q1777178,Q96600367,Q134641
127,209,Q1777178,ahnlund-nils,Q1777178,Q1777178,1941-12-20,1957-01-11 00:00:00+00:00,7,11,11,1941-12-20,1957-01-11,1957-01-11,10,Q131326,Q96600367,Q5734962
128,4,Q131326,johnson-eyvind,Q131326,Q131326,1957-12-20,1976-08-25 00:00:00+00:00,8,11,11,1957-12-20,1976-08-25,1976-08-25,11,Q1893659,Q96600367,Q1777178
129,212,Q1893659,linde-ulf,Q1893659,Q1893659,1977-12-20,2013-10-12 00:00:00+00:00,9,11,11,1977-12-20,2013-10-12,2013-10-12,12,Q540344,Q96600367,Q131326
130,53,Q540344,ostergren-klas,Q540344,Q540344,2014-12-20,2018-05-03 00:00:00+00:00,10,11,11,2014-12-20,2018-05-03,2018-05-03,13,Q16633253,Q96600367,Q1893659
131,138,Q16633253,malm-mats,Q16633253,Q16633253,2018-12-20,,11,11,11,2018-12-20,,,14,Q16633253,Q96600367,Q540344
132,139,Q16633253,malm-mats,Q16633253,Q16633253,2019-06-01,,19,,11,2018-12-20,,,15,,Q96600367,Q16633253
133,128,Q6169392,schroderheim-fore-adlandet-schroder-elis,Q6169392,Q6169392,1786-04-05,1795-08-30 00:00:00+00:00,1,12,12,1786-04-05,1795-08-30,1795-08-30,1,Q5579332,Q96600377,
134,86,Q5579332,blom-isac,Q5579332,Q5579332,1797-11-25,1826-05-06 00:00:00+00:00,2,12,12,1797-11-25,1826-05-06,1826-05-06,2,Q6244863,Q96600377,Q6169392
135,137,Q6244863,wirsen-gustaf-fredrik,Q6244863,Q6244863,1827-03-26,1827-12-09 00:00:00+00:00,3,12,12,1827-03-26,1827-12-09,1827-12-09,3,Q4349660,Q96600377,Q5579332
136,71,Q4349660,beskow-bernhard-von,Q4349660,Q4349660,1828-11-01,1868-10-17 00:00:00+00:00,4,12,12,1828-11-01,1868-10-17,1868-10-17,4,Q4349660,Q96600377,Q6244863
137,72,Q4349660,beskow-bernhard-von,Q4349660,Q4349660,1834-01-01,1868-01-01 00:00:00+00:00,3,,12,1828-11-01,1868-10-17,1868-01-01,5,Q6191926,Q96600377,Q4349660
138,131,Q6191926,strandberg-carl-gustaf,Q6191926,Q6191926,1872-01-01,1874-01-01 00:00:00+00:00,5,,12,1869-12-20,1874-02-08,1874-01-01,6,Q6191926,Q96600377,Q4349660
139,132,Q6191926,strandberg-carl-gustaf,Q6191926,Q6191926,1869-12-20,1874-02-08 00:00:00+00:00,5,12,12,1869-12-20,1874-02-08,1874-02-08,7,Q5553419,Q96600377,Q6191926
140,85,Q5553419,anderson-anders,Q5553419,Q5553419,1875-12-20,1892-09-10 00:00:00+00:00,6,12,12,1875-12-20,1892-09-10,1892-09-10,8,Q156749,Q96600377,Q6191926
141,10,Q156749,nordenskiold-adolf,Q156749,Q156749,1893-12-20,1901-08-12 00:00:00+00:00,7,12,12,1893-12-20,1901-08-12,1901-08-12,9,Q640991,Q96600377,Q5553419
142,62,Q640991,retzius-gustaf,Q640991,Q640991,1902-06-20,1919-07-21 00:00:00+00:00,8,12,12,1902-06-20,1919-07-21,1919-07-21,10,Q2653181,Q96600377,Q156749
143,157,Q2653181,noreen-adolf,Q2653181,Q2653181,1919-12-20,1925-06-13 00:00:00+00:00,9,12,12,1919-12-20,1925-06-13,1925-06-13,11,Q887342,Q96600377,Q640991
144,180,Q887342,bergman-bo,Q887342,Q887342,1925-12-20,1967-11-17 00:00:00+00:00,10,12,12,1925-12-20,1967-11-17,1967-11-17,12,Q5957946,Q96600377,Q2653181
145,109,Q5957946,lindroth-sten,Q5957946,Q5957946,1968-12-20,1980-09-01 00:00:00+00:00,11,12,12,1968-12-20,1980-09-01,1980-09-01,13,Q126373,Q96600377,Q887342
146,2,Q126373,aspenstrom-werner,Q126373,Q126373,1981-12-20,1997-01-25 00:00:00+00:00,12,12,12,1981-12-20,1997-01-25,1997-01-25,14,Q1933369,Q96600377,Q5957946
147,214,Q1933369,wastberg-per,Q1933369,Q1933369,1997-12-20,,13,12,12,1997-12-20,,,15,,Q96600377,Q126373
148,88,Q5620980,gyllenborg-gustaf-fredrik,Q5620980,Q5620980,1786-04-05,1808-03-30 00:00:00+00:00,1,13,13,1786-04-05,1808-03-30,1808-03-30,1,Q333297,Q96600389,
149,28,Q333297,franzen-frans-michael,Q333297,Q333297,1811-11-27,1847-08-14 00:00:00+00:00,2,13,13,1811-11-27,1847-08-14,1847-08-14,2,Q333297,Q96600389,Q5620980
150,29,Q333297,franzen-frans-michael,Q333297,Q333297,1824-08-07,1834-01-01 00:00:00+00:00,2,,13,1811-11-27,1847-08-14,1834-01-01,3,Q5974210,Q96600389,Q333297
151,111,Q5974210,malmstrom-bernhard-elis,Q5974210,Q5974210,1850-12-18,1865-06-21 00:00:00+00:00,3,13,13,1850-12-18,1865-06-21,1865-06-21,4,Q5925873,Q96600389,Q333297
152,107,Q5925873,kullberg-carl,Q5925873,Q5925873,1866-05-29,1897-10-22 00:00:00+00:00,4,13,13,1866-05-29,1897-10-22,1897-10-22,5,Q5983833,Q96600389,Q5974210
153,112,Q5983833,melin-alfred,Q5983833,Q5983833,1898-12-20,1919-07-05 00:00:00+00:00,5,13,13,1898-12-20,1919-07-05,1919-07-05,6,Q491355,Q96600389,Q5925873
154,49,Q491355,osterling-anders,Q491355,Q491355,1941-01-01,1964-01-01 00:00:00+00:00,11,,13,1919-12-20,1981-12-13,1964-01-01,7,Q491355,Q96600389,Q5983833
155,50,Q491355,osterling-anders,Q491355,Q491355,1919-12-20,1981-12-13 00:00:00+00:00,6,13,13,1919-12-20,1981-12-13,1981-12-13,8,Q442031,Q96600389,Q491355
156,44,Q442031,vallquist-gunnel,Q442031,Q442031,1982-12-20,2016-01-11 00:00:00+00:00,7,13,13,1982-12-20,2016-01-11,2016-01-11,9,Q263017,Q96600389,Q491355
157,14,Q263017,stridsberg-sara,Q263017,Q263017,2016-12-20,2018-05-03 00:00:00+00:00,8,13,13,2016-12-20,2018-05-03,2018-05-03,10,Q2851296,Q96600389,Q442031
158,160,Q2851296,sward-anne,Q2851296,Q2851296,2019-12-20,,,13,13,2019-12-20,,,11,,Q96600389,Q263017
159,58,Q543935,armfelt-gustaf-mauritz,Q543935,Q543935,1807-11-23,1814-08-19 00:00:00+00:00,2,17,14,1786-05-13,1814-08-19,1814-08-19,1,Q543935,Q96600400,
160,59,Q543935,armfelt-gustaf-mauritz,Q543935,Q543935,1786-05-13,1814-08-19 00:00:00+00:00,1,14,14,1786-05-13,1814-08-19,1814-08-19,2,Q6062282,Q96600400,Q543935
161,118,Q6062282,ramel-malte,Q6062282,Q6062282,1802-04-30,1824-01-31 00:00:00+00:00,2,14,14,1802-04-30,1824-01-31,1824-01-31,3,Q380937,Q96600400,Q543935
162,37,Q380937,geijer-erik-gustaf,Q380937,Q380937,1826-01-15,1847-04-23 00:00:00+00:00,3,14,14,1826-01-15,1847-04-23,1847-04-23,4,Q15405,Q96600400,Q6062282
163,171,Q15405,fries-elias,Q15405,Q15405,1847-12-02,1878-02-08 00:00:00+00:00,4,14,14,1847-12-02,1878-02-08,1878-02-08,5,Q6019298,Q96600400,Q380937
164,116,Q6019298,nyblom-carl-rupert,Q6019298,Q6019298,1879-12-20,1907-05-30 00:00:00+00:00,5,14,14,1879-12-20,1907-05-30,1907-05-30,6,Q597713,Q96600400,Q15405
165,60,Q597713,hallstrom-per,Q597713,Q597713,1908-12-20,1960-02-18 00:00:00+00:00,6,14,14,1908-12-20,1960-02-18,1960-02-18,7,Q597713,Q96600400,Q6019298
166,61,Q597713,hallstrom-per,Q597713,Q597713,1931-01-01,1941-01-01 00:00:00+00:00,10,,14,1908-12-20,1960-02-18,1941-01-01,8,Q465251,Q96600400,Q597713
167,46,Q465251,josephson-ragnar,Q465251,Q465251,1960-12-20,1966-03-27 00:00:00+00:00,7,14,14,1960-12-20,1966-03-27,1966-03-27,9,Q921268,Q96600400,Q597713
168,185,Q921268,gyllensten-lars,Q921268,Q921268,1977-01-01,1986-01-01 00:00:00+00:00,13,,14,1966-12-20,2006-05-26,1986-01-01,10,Q921268,Q96600400,Q465251
169,186,Q921268,gyllensten-lars,Q921268,Q921268,1966-12-20,2006-05-26 00:00:00+00:00,8,14,14,1966-12-20,2006-05-26,2006-05-26,11,Q271314,Q96600400,Q921268
170,18,Q271314,lugn-kristina,Q271314,Q271314,2006-12-20,2020-05-09 00:00:00+00:00,9,14,14,2006-12-20,2020-05-09,2020-05-09,12,,Q96600400,Q921268
171,84,Q4993033,nordin-carl-gustaf,Q4993033,Q4993033,1786-05-13,1812-03-14 00:00:00+00:00,1,15,15,1786-05-13,1812-03-14,1812-03-14,1,Q6084610,Q96600412,
172,122,Q6084610,rutstrom-carl-birger,Q6084610,Q6084610,1813-12-02,1826-04-13 00:00:00+00:00,2,15,15,1813-12-02,1826-04-13,1826-04-13,2,Q2302669,Q96600412,Q4993033
173,147,Q2302669,valerius-johan-david,Q2302669,Q2302669,1826-11-29,1852-08-04 00:00:00+00:00,3,15,15,1826-11-29,1852-08-04,1852-08-04,3,Q4993034,Q96600412,Q6084610
174,82,Q4993034,manderstrom-ludvig,Q4993034,Q4993034,1853-12-20,1873-08-18 00:00:00+00:00,4,15,15,1853-12-20,1873-08-18,1873-08-18,4,Q4993034,Q96600412,Q2302669
175,83,Q4993034,manderstrom-ludvig,Q4993034,Q4993034,1869-01-01,1872-01-01 00:00:00+00:00,4,,15,1853-12-20,1873-08-18,1872-01-01,5,Q525663,Q96600412,Q4993034
176,52,Q525663,sundberg-anton-niklas,Q525663,Q525663,1874-12-20,1900-02-02 00:00:00+00:00,5,15,15,1874-12-20,1900-02-02,1900-02-02,6,Q330757,Q96600412,Q4993034
177,26,Q330757,billing-gottfrid,Q330757,Q330757,1900-12-20,1925-01-14 00:00:00+00:00,6,15,15,1900-12-20,1925-01-14,1925-01-14,7,Q4355881,Q96600412,Q525663
178,73,Q4355881,larsson-hans,Q4355881,Q4355881,1925-12-20,1944-02-16 00:00:00+00:00,7,15,15,1925-12-20,1944-02-16,1944-02-16,8,Q270468,Q96600412,Q330757
179,17,Q270468,wagner-elin,Q270468,Q270468,1944-12-20,1949-01-07 00:00:00+00:00,8,15,15,1944-12-20,1949-01-07,1949-01-07,9,Q132695,Q96600412,Q4355881
180,5,Q132695,martinson-harry,Q132695,Q132695,1949-12-20,1978-02-11 00:00:00+00:00,9,15,15,1949-12-20,1978-02-11,1978-02-11,10,Q4968221,Q96600412,Q270468
181,79,Q4968221,mossaed-jila,Q4968221,Q4968221,2018-12-20,,11,15,15,2018-12-20,,,11,,Q96600412,Q132695
182,194,Q984681,leopold-carl-gustaf-af,Q984681,Q984681,1786-06-21,1829-11-09 00:00:00+00:00,1,16,16,1786-06-21,1829-11-09,1829-11-09,1,Q5773319,Q96600424,
183,99,Q5773319,grubbe-samuel,Q5773319,Q5773319,1830-11-20,1853-11-06 00:00:00+00:00,2,16,16,1830-11-20,1853-11-06,1853-11-06,2,Q5818420,Q96600424,Q984681
184,104,Q5818420,hwasser-israel,Q5818420,Q5818420,1854-12-20,1860-05-11 00:00:00+00:00,3,16,16,1854-12-20,1860-05-11,1860-05-11,3,Q327853,Q96600424,Q5773319
185,24,Q327853,strandberg-carl,Q327853,Q327853,1862-12-20,1877-02-05 00:00:00+00:00,4,16,16,1862-12-20,1877-02-05,1877-02-05,4,Q432129,Q96600424,Q5818420
186,41,Q432129,rydberg-viktor,Q432129,Q432129,1878-05-22,1895-09-21 00:00:00+00:00,5,16,16,1878-05-22,1895-09-21,1895-09-21,5,Q2771659,Q96600424,Q327853
187,159,Q2771659,rudin-waldemar,Q2771659,Q2771659,1896-12-20,1921-01-02 00:00:00+00:00,6,16,16,1896-12-20,1921-01-02,1921-01-02,6,Q159723,Q96600424,Q432129
188,11,Q159723,soderblom-nathan,Q159723,Q159723,1921-12-20,1931-07-12 00:00:00+00:00,7,16,16,1921-12-20,1931-07-12,1931-07-12,7,Q933386,Q96600424,Q2771659
189,188,Q933386,andrae-tor,Q933386,Q933386,1932-12-20,1947-02-24 00:00:00+00:00,8,16,16,1932-12-20,1947-02-24,1947-02-24,8,Q721401,Q96600424,Q159723
190,66,Q721401,wessen-elias,Q721401,Q721401,1947-12-20,1981-01-30 00:00:00+00:00,9,16,16,1947-12-20,1981-01-30,1981-01-30,9,Q541085,Q96600424,Q933386
191,54,Q541085,espmark-kjell,Q541085,Q541085,1981-12-20,,10,16,16,1981-12-20,,,10,,Q96600424,Q721401
192,113,Q5997574,murberg-johan,Q5997574,Q5997574,1787-05-13,1805-03-27 00:00:00+00:00,1,17,17,1787-05-13,1805-03-27,1805-03-27,1,Q543935,Q96600443,
193,56,Q543935,armfelt-gustaf-mauritz-0,Q543935,Q543935,1807-11-23,1814-08-19 00:00:00+00:00,2,17,17,1807-11-23,1814-08-19,1814-08-19,2,Q543935,Q96600443,Q5997574
194,57,Q543935,armfelt-gustaf-mauritz-0,Q543935,Q543935,1786-05-13,1814-08-19 00:00:00+00:00,1,14,17,1807-11-23,1814-08-19,1814-08-19,3,Q116916,Q96600443,Q543935
195,1,Q116916,wetterstedt-gustaf-af,Q116916,Q116916,1811-12-16,1837-05-15 00:00:00+00:00,3,17,17,1811-12-16,1837-05-15,1837-05-15,4,Q4444020,Q96600443,Q543935
196,75,Q4444020,strinnholm-anders-magnus,Q4444020,Q4444020,1838-12-20,1862-01-18 00:00:00+00:00,4,17,17,1838-12-20,1862-01-18,1862-01-18,5,Q52950,Q96600443,Q116916
197,176,Q52950,de-geer-louis,Q52950,Q52950,1862-12-20,1896-09-24 00:00:00+00:00,5,17,17,1862-12-20,1896-09-24,1896-09-24,6,Q5628179,Q96600443,Q4444020
198,90,Q5628179,ehrenheim-pehr-von,Q5628179,Q5628179,1897-12-20,1918-03-20 00:00:00+00:00,6,17,17,1897-12-20,1918-03-20,1918-03-20,7,Q53300,Q96600443,Q52950
199,177,Q53300,hammarskjold-hjalmar,Q53300,Q53300,1918-12-20,1953-10-12 00:00:00+00:00,7,17,17,1918-12-20,1953-10-12,1953-10-12,8,Q1267,Q96600443,Q5628179
200,170,Q1267,hammarskjold-dag,Q1267,Q1267,1954-12-20,1961-09-17 00:00:00+00:00,8,17,17,1954-12-20,1961-09-17,1961-09-17,9,Q1276321,Q96600443,Q53300
201,198,Q1276321,lindegren-erik,Q1276321,Q1276321,1962-12-20,1968-05-31 00:00:00+00:00,9,17,17,1962-12-20,1968-05-31,1968-05-31,10,Q327578,Q96600443,Q1267
202,23,Q327578,edfelt-johannes,Q327578,Q327578,1969-12-20,1997-08-27 00:00:00+00:00,10,17,17,1969-12-20,1997-08-27,1997-08-27,11,Q912866,Q96600443,Q1276321
203,183,Q912866,engdahl-horace,Q912866,Q912866,1999-01-01,2009-01-01 00:00:00+00:00,15,,17,1997-12-20,,2009-01-01,12,Q912866,Q96600443,Q327578
204,184,Q912866,engdahl-horace,Q912866,Q912866,1997-12-20,,11,17,17,1997-12-20,,,13,,Q96600443,Q912866
205,165,Q3148840,sjoberg-nils-lorents,Q3148840,Q3148840,1787-05-13,1822-03-13 00:00:00+00:00,1,18,18,1787-05-13,1822-03-13,1822-03-13,1,Q3352340,Q96600458,
206,168,Q3352340,skjoldebrand-anders-fredrik,Q3352340,Q3352340,1822-10-21,1834-08-23 00:00:00+00:00,2,18,18,1822-10-21,1834-08-23,1834-08-23,2,Q708780,Q96600458,Q3148840
207,64,Q708780,ling-pehr-henrik,Q708780,Q708780,1835-06-27,1839-05-03 00:00:00+00:00,3,18,18,1835-06-27,1839-05-03,1839-05-03,3,Q444538,Q96600458,Q3352340
208,45,Q444538,atterbom-per,Q444538,Q444538,1840-05-29,1855-07-21 00:00:00+00:00,4,18,18,1840-05-29,1855-07-21,1855-07-21,4,Q984314,Q96600458,Q708780
209,193,Q984314,thomander-johan-henrik,Q984314,Q984314,1857-05-29,1865-07-09 00:00:00+00:00,5,18,18,1857-05-29,1865-07-09,1865-07-09,5,Q5621000,Q96600458,Q444538
210,89,Q5621000,ljunggren-gustaf,Q5621000,Q5621000,1866-05-29,1905-08-31 00:00:00+00:00,6,18,18,1866-05-29,1905-08-31,1905-08-31,6,Q6017772,Q96600458,Q984314
211,115,Q6017772,norstrom-vitalis,Q6017772,Q6017772,1907-06-20,1916-11-29 00:00:00+00:00,7,18,18,1907-06-20,1916-11-29,1916-11-29,7,Q312397,Q96600458,Q5621000
212,20,Q312397,montelius-oscar,Q312397,Q312397,1917-12-20,1921-11-04 00:00:00+00:00,8,18,18,1917-12-20,1921-11-04,1921-11-04,8,Q2642427,Q96600458,Q6017772
213,156,Q2642427,engstrom-albert,Q2642427,Q2642427,1922-12-20,1940-11-16 00:00:00+00:00,9,18,18,1922-12-20,1940-11-16,1940-11-16,9,Q1554766,Q96600458,Q312397
214,207,Q1554766,silfverstolpe-gunnar-mascoll,Q1554766,Q1554766,1941-12-20,1942-06-26 00:00:00+00:00,10,18,18,1941-12-20,1942-06-26,1942-06-26,10,Q5799669,Q96600458,Q2642427
215,101,Q5799669,hellstrom-gustaf,Q5799669,Q5799669,1942-12-20,1953-02-27 00:00:00+00:00,11,18,18,1942-12-20,1953-02-27,1953-02-27,11,Q828246,Q96600458,Q1554766
216,179,Q828246,malmberg-bertil,Q828246,Q828246,1953-12-20,1958-02-11 00:00:00+00:00,12,18,18,1953-12-20,1958-02-11,1958-02-11,12,Q366311,Q96600458,Q5799669
217,34,Q366311,ekelof-gunnar,Q366311,Q366311,1958-12-20,1968-03-16 00:00:00+00:00,13,18,18,1958-12-20,1968-03-16,1968-03-16,13,Q439832,Q96600458,Q828246
218,43,Q439832,lundkvist-artur,Q439832,Q439832,1968-12-20,1991-12-11 00:00:00+00:00,14,18,18,1968-12-20,1991-12-11,1991-12-11,14,Q378276,Q96600458,Q366311
219,36,Q378276,frostenson-katarina,Q378276,Q378276,1992-12-20,2019-01-18 00:00:00+00:00,15,18,18,1992-12-20,2019-01-18,2019-01-18,15,Q269291,Q96600458,Q439832
220,16,Q269291,forsstrom-tua,Q269291,Q269291,2019-02-07,,16,18,18,2019-12-20,,,16,,Q96600458,Q378276
